id,order,category_id,ka,en,ru,price,vegetarian,topRated,soldOut,description_ka,description_en,description_ru,story_ka,story_en
,,,,,,,,,,,,,,
dish_0001,10,cat_0001,ეკალა ფხალი (სეზონურად),Ekala Pkhali (seasonal),Экала Пхали (сезонное блюдо),15,TRUE,FALSE,FALSE,"ეკალა, ნიგოზი, ნიორი, ძმარი, ქინძი, სუნელები","Ekala (wild smilax), walnuts, garlic, vinegar, fresh cilantro, spices",,"A true taste of Georgian spring! Ekala, or wild smilax, is forged in the forests and seasoned with a rich walnut paste. It's a seasonal delicacy that brings the freshness of the wild directly to your plate.","გაზაფხულის ნამდვილი გემო! ტყეში შეგროვებული ეკალა, შეზავებული ნიგვზითა და სუნელებით - სეზონური დელიკატესი, რომელიც ბუნების სიჯანსაღეს პირდაპირ თეფშზე გთავაზობთ."
dish_0002,20,cat_0001,ბადრიჯანი ნიგვზით,Eggplant with walnuts,Баклажаны с грецкими орехами,16,TRUE,FALSE,FALSE,"ბადრიჯანი, ნიგოზი, ნიორი, ძმარი, უცხო სუნელი, ხმელი ქინძი, ბროწეული, ზეთი","Eggplant, walnuts, garlic, vinegar, blue fenugreek, coriander, pomegranate, oil",,"The king of Georgian appetizers, 'Badrijani Nigvzit' combines fried eggplant strips with a creamy, spiced walnut filling. Pomegranate seeds add a burst of jewel-like acidity to this rich, nutty masterpiece.","ქართული სუფრის მეფე. შემწვარი ბადრიჯნის ზოლები ნიგვზიანი საცხით, რომელსაც ბროწეულის მარცვლები და მჟავიანობა განსაკუთრებულ პიკანტურობას სძენს."
dish_0003,30,cat_0001,ისპანახი ნიგვზით,Spinach with walnuts,Шпинат с грецкими орехами,14,TRUE,FALSE,FALSE,"ისპანახი, ნიგოზი, ნიორი, ძმარი, ცოცხალი მწვანილი, სუნელები, ბროწეული","Spinach, walnuts, garlic, vinegar, fresh herbs, spices, pomegranate",,"Green Pkhali is a healthy, vibrant dish where minced spinach meets the classic Georgian walnut-garlic paste. Garnished with pomegranate, it's a testament to how Georgians turn simple vegetables into a feast.",ჯანსაღი და გემრიელი არჩევანი. ცოცხალი ისპანახი და ნიგვზიანი საკმაზის კლასიკური დუეტი - აუცილებელი ატრიბუტი ნებისმიერი სუფრისთვის.
dish_0004,40,cat_0001,წითელი ფხალი ნიგვზით,Red Pkhali with walnuts,Красный Пхали с грецкими орехами,14,TRUE,FALSE,FALSE,"ჭარხალი, ნიგოზი, ნიორი, ძმარი, ცოცხალი მწვანილი, სუნელები","Beets, walnuts, garlic, vinegar, fresh herbs, spices",,"Made from beets and walnuts, this vibrant red appetizer is as pleasing to the eye as it is to the palate. Earthy beets are transformed by the aromatic blue fenugreek and coriander spices.","ჭარხლისა და ნიგვზის ჰარმონიული შერწყმა. ეს კერძი არა მხოლოდ გემრიელია, არამედ სუფრასაც ამშვენებს თავისი მკვეთრი ფერითა და არომატით."
dish_0005,50,cat_0001,მწვანე ლობიო ნიგვზით,Green beans with walnuts,Зеленая фасоль с грецкими орехами,14,TRUE,FALSE,FALSE,"მწვანე ლობიო, ნიგოზი, ნიორი, ძმარი, ცოცხალი მწვანილი, სუნელები","Green beans, walnuts, garlic, vinegar, fresh herbs, spices",,"Fresh green beans are elevated with a savory walnut dressing. This dish is a staple at the Georgian 'Supra' (feast), offering a crunchy, nutty texture that perfectly complements meat dishes.","მწვანე ლობიოსა და ნიგვზის ტრადიციული შეხამება. ხრაშუნა ტექსტურა და მდიდარი გემო, რომელიც ხორცეულს იდეალურად ერწყმის."
dish_0006,60,cat_0001,პრასი ნიგვზით,Leeks with walnuts,Лук-порей с грецкими орехами,16,TRUE,FALSE,FALSE,"პრასი, ნიგოზი, ნიორი, ძმარი, ცოცხალი მწვანილი, სუნელები","Leeks, walnuts, garlic, vinegar, fresh herbs, spices",,Tender leeks are marinated and dressed in a savory walnut sauce. This dish highlights the Georgian philosophy of using walnuts to add depth and protein to fresh garden vegetables.,"მოთუშული პრასი ნიგვზიანი საკმაზით. კერძი, რომელიც ხაზს უსვამს ქართული სამზარეულოს ფილოსოფიას - აქციოს მარტივი ბოსტნეული ნამდვილ დღესასწაულად."
dish_0007,70,cat_0001,ბოსტნეულის ბუკეტი,Vegetable bouquet,Овощной букет,20,FALSE,FALSE,FALSE,,,,"A colorful assortment of fresh seasonal vegetables. In Georgia, fresh herbs and raw veggies are essential table companions, meant to be eaten by hand to cleanse the palate between rich courses.","სეზონური ბოსტნეულის ნაირსახეობა. ქართული სუფრის განუყოფელი ნაწილი, რომელიც იდეალურია მძიმე კერძებს შორის გემოს გასანეიტრალებლად."
dish_0008,80,cat_0001,აჯაფსანდალი,Ajapsandali,Аджапсандали,20,FALSE,FALSE,FALSE,"ბადრიჯანი, პომიდორი, ბულგარული წიწაკა, ხახვი, ნიორი, ქინძი, რეჰანი, ზეთი, სუნელები","Eggplant, tomatoes, bell peppers, onions, garlic, fresh cilantro, purple basil, oil, spices",,"A Georgian summer ratatouille! Eggplants, peppers, and tomatoes are stewed to perfection with fresh herbs. It’s said that a good Ajapsandali should be spicy enough to wake you up but sweet enough to make you smile.","ზაფხულის არომატი ერთ თეფშზე. ბადრიჯანი, წიწაკა და პომიდორი, მოთუშული ცოცხალ მწვანილებთან ერთად. კერძი, რომელიც ერთდროულად ცხარეცაა და ტკბილიც."
dish_0009,90,cat_0001,ფხალის ასორტი,Assorted Pkhali,Ассорти Пхали,28,TRUE,FALSE,FALSE,,,,"Can't decide? This platter offers a colorful mosaic of Pkhali varieties—spinach, beet, and more. It’s the perfect way to sample the diversity of Georgian plant-based cuisine in one go.","ვერ გადაგიწყვეტიათ? ეს ასორტი საშუალებას გაძლევთ დააგემოვნოთ ფხალეულის მთელი პალიტრა - ისპანახი, ჭარხალი და სხვა ტრადიციული გემოები ერთად."
dish_0010,100,cat_0001,მჟავის ასორტი,Assorted Pickled vegetables,Ассорти маринованных овощей,20,TRUE,FALSE,FALSE,,,,"Pickles, or 'Mzhave', are crucial for digestion in a Georgian feast. From jonjoli (bladdernut flowers) to crunchy cucumbers, these fermented delights cut through the richness of meats and cheeses.","მჟავეული - ქართული სუფრის აუცილებელი თანმხლები. ჯონჯოლიდან დაწყებული, კიტრით დამთავრებული, ეს ფერმენტირებული ბოსტნეული იდეალურად აბალანსებს ცხიმიანი კერძების გემოს."
dish_0011,110,cat_0001,ყველი იმერული,Imeretian cheese,Имеретийский сыр,15,FALSE,FALSE,FALSE,,,,"A soft, porous cow's milk cheese from the Imereti region. Mild and slightly sour, it is the mother of Khachapuri cheese and a breakfast staple, often eaten with hot Gomi or Mchadi.","რბილი, ფორებიანი ყველი იმერეთიდან. ხაჭაპურის მთავარი ინგრედიენტი და ცხელი ღომის ან მჭადის საუკეთესო მეწყვილე."
dish_0012,120,cat_0001,ყველი სულგუნი,Sulguni cheese,Сулгуни сыр,20,FALSE,FALSE,FALSE,,,,"The mozzarella of Georgia! Originating from Samegrelo, Sulguni is famous for its elastic texture and layers. It has a tangy, salty flavor and is the star ingredient in Elarji and many hot dishes.","ქართული მოცარელა სამეგრელოდან! ფენიანი, ელასტიური და ზომიერად მარილიანი ყველი, რომელიც დნობისას ნამდვილ სასწაულებს ახდენს."
dish_0013,130,cat_0001,"ყველის ასორტი ""ქართული""","Assorted cheese ""Georgian""",Ассорти сыров «Грузинский»,32,FALSE,FALSE,FALSE,,,,"A journey through Georgian dairy traditions. This platter typically features the salty, layered Sulguni, the soft Imeretian, and sometimes the pungently delicious Guda cheese from the mountains.","საქართველოს ყველის ტრადიციების მოკლე ექსკურსი. თეფშზე შეხვდებით როგორც რბილ იმერულს, ისე ხასიათიან სულგუნსა და სხვა სახეობებს."
dish_0014,140,cat_0001,ყველი ქარხნული,Factory cheese,Заводской сыр,20,FALSE,FALSE,FALSE,,,,"A classic, consistent cheese with a mild flavor profile. While less rustic than village cheeses, it offers a familiar and comforting taste that pairs perfectly with fresh bread and herbs.","კლასიკური, ნაცნობი გემო. სტაბილური ხარისხის ყველი, რომელიც იდეალურია საუზმეზე, პურთან და კარაქთან ერთად."
dish_0015,150,cat_0001,დაჭრილი ენა (საქონლის),Sliced ​​tongue (beef),Нарезанный язык (говядина),22,FALSE,FALSE,FALSE,,,,"A delicacy admired for its tenderness. Boiled slowly with aromatics until it melts in your mouth, beef tongue is often served cold with horseradish or a walnut sauce to enhance its subtle flavor.","დელიკატესი, რომელიც სირბილით გამოირჩევა. ნელ ცეცხლზე მოხარშული ენა, რომელიც პირში დნება. განსაკუთრებით უხდება პირშუშხა ან ნიგვზიანი საწებელი."
dish_0016,160,cat_0001,ქათამი ბაჟეში,Chicken in baje,Курица в баже,28,FALSE,FALSE,FALSE,,,,"Succulent chicken pieces swimming in 'Baje', a spiced walnut sauce similar to Satsivi but lighter. It’s a celebratory dish where the garlic and walnut oils create a creamy, dairy-free gold sauce.","სადღესასწაულო კერძი. მოხარშული დედალი ნიგვზის სქელ, არომატულ საწებელში. საცივის მსუბუქი და სწრაფად მოსამზადებელი ალტერნატივა."
dish_0017,170,cat_0001,ორაგული ბაჟეში,Salmon in baje,Лосось в баже,32,FALSE,FALSE,FALSE,,,,"A twist on the traditional chicken dish. The rich, fatty salmon pairs unexpectedly well with the earthy walnut sauce, creating a luxurious cold appetizer that bridges river and land.",ტრადიციული რეცეპტის საინტერესო ინტერპრეტაცია. ცხიმიანი ორაგული მოულოდნელად კარგად ეხამება ნიგვზიან ბაჟეს და ქმნის დახვეწილ ცივ საუზმეს.
dish_0018,180,cat_0001,ზეთის ხილი,Olive,Оливки,12,FALSE,FALSE,FALSE,,,,"Though not native to traditional Georgian cuisine, olives have become a beloved addition. They offer a salty, briny contrast that complements the local cheeses and wines perfectly.","მართალია ქართული არ არის, მაგრამ ჩვენს სუფრაზე უკვე დაიმკვიდრა ადგილი. მარილიანი და პიკანტური - იდეალურია ღვინოსთან და ყველთან."
dish_0019,190,cat_0001,გებჟალია,Gebzhalia,Гебжалия,27,FALSE,FALSE,FALSE,"სულგუნი, ცოცხალი პიტნა, მაწონი, მარილი","Sulguni cheese, fresh mint, matsoni (yogurt), salt",,"A Megrelian masterpiece! Rolls of soft cheese mint-infused cheese are served in a bath of creamy mint-yogurt sauce. It’s a refreshing, melt-in-your-mouth experience that balances the heat of spicy dishes.","მეგრული სამზარეულოს მარგალიტი. სულგუნისა და პიტნის რულეტები მაწვნის სოუსში. გამაგრილებელი და პიკანტური გემო, რომელიც ცხარე კერძებს ანეიტრალებს."
dish_0020,200,cat_0001,მოხარშული ხბოს კანჭი ცივად,Cold boiled veal shank,Холодная вареная телячья голень,35,FALSE,FALSE,FALSE,,,,"Simple yet sophisticated. The veal shank is boiled until tender, preserving its natural gelatin and flavor. Served cold, it’s a pure protein hit, often enjoyed with spicy mustard or adjika.","უბრალოება და გემო. მოხარშული ხბოს კანჭი, რომელიც ცივად მოგართმევათ. ხორცის ბუნებრივი გემო ზედმეტი დანამატების გარეშე."
dish_0021,210,cat_0001,აკროშკა (სეზონურად),Akroshka (seasonal),Акрошка (сезонное блюдо),18,FALSE,FALSE,FALSE,,,,"A refreshing cold soup of Russian origin, beloved in Georgian summers. Made with chopped veggies, meats, and kefir or kvass, it’s the ultimate way to cool down on a hot Tbilisi afternoon.",ზაფხულის სიცხის საუკეთესო წამალი. ცივი წვნიანი კეფირითა და ცოცხალი ბოსტნეულით - გამაგრილებელი და მსუბუქი.
dish_0022,10,cat_0002,"სტეიკ სალათი ""ჩერო"" (ხბოს ხორცით)","Steak salad ""Cherro"" (with veal)",Салат «Черро» (с телятиной),40,FALSE,FALSE,FALSE,,,,"A hearty salad for meat lovers. Tender strips of veal steak rest atop fresh greens, combining the satisfaction of a main course with the lightness of a salad. A house specialty.",ჩვენი რესტორნის საფირმო სალათი. ნაზი ხბოს სტეიკის ნაჭრები ცოცხალ ბოსტნეულთან ერთად - ნოყიერი და ჯანსაღი არჩევანი.
dish_0023,20,cat_0002,კიტრი პომიდვრის სალათი,Cucumber tomato salad,Салат из огурцов и помидоров,15,FALSE,FALSE,FALSE,"კიტრი, პომიდორი, წითელი ხახვი, ქინძი, რეჰანი, მზესუმზირის ზეთი, მარილი","Cucumbers, tomatoes, red onions, fresh cilantro, purple basil, sunflower oil, salt",,"The quintessential Georgian salad. The secret lies in the ingredients: sun-ripened tomatoes and cucumbers, often dressed with unrefined Kakhetian sunflower oil that smells of roasted seeds.","ქართული ზაფხულის გემო. მთავარი საიდუმლო ინგრედიენტებშია - მზით გაჯერებული პომიდორი, კიტრი და კახური ზეთი, რომელსაც მოხალული მზესუმზირის სურნელი აქვს."
dish_0024,30,cat_0002,კიტრიპომიდვრის სალათი ნიგვზით,Cucumber tomato salad with walnuts,Салат из огурцов и помидоров с грецкими орехами,17,FALSE,FALSE,FALSE,"კიტრი, პომიდორი, წითელი ხახვი, ნიგოზი, ნიორი, ძმარი, ცოცხალი მწვანილი","Cucumbers, tomatoes, red onions, walnuts, garlic, vinegar, fresh herbs",,"An upgrade to the classic salad. The dressing is a creamy walnut paste with vinegar and spices, turning a simple vegetable side into a rich, flavorful dish that screams 'Georgia'.","კლასიკური სალათის მდიდრული ვერსია. ნიგვზიანი საკმაზი ბოსტნეულს სრულიად ახალ, სადღესასწაულო გემოს სძენს."
dish_0025,40,cat_0002,ქათმის სალათი,Chicken salad,Куриный салат,20,FALSE,FALSE,FALSE,,,,"A versatile classic. Tender chicken breast is tossed with fresh vegetables and a light dressing. It’s a protein-packed, healthy option that doesn't compromise on flavor.","მსუბუქი და ცილებით მდიდარი. ქათმის ფილე და ცოცხალი ბოსტნეული მსუბუქი დრესინგით - იდეალურია მათთვის, ვინც ჯანსაღ კვებას ირჩევს."
dish_0026,50,cat_0002,ცეზარი ქათმით,Caesar with chicken,Цезарь с курицей,28,FALSE,FALSE,FALSE,"სალათის ფოთოლი (რომენი), შემწვარი ქათმის ფილე, ყველი პარმეზანი, ორცხობილა, ცეზარის სოუსი","Romaine lettuce, grilled chicken breast, parmesan cheese, croutons, Caesar dressing",,"The world-famous salad with a local touch. Crisp romaine, parmesan, and croutons meet grilled chicken. Did you know this salad was invented in Mexico by an Italian immigrant, Caesar Cardini?","მსოფლიო ჰიტი ქართული აქცენტით. ხრაშუნა სალათის ფოთლები, პარმეზანი და გრილზე შემწვარი ქათმის ფილე ჩვენი შეფ-მზარეულის სპეციალური სოუსით."
dish_0027,60,cat_0002,ცეზარი ორაგულით,Caesar with salmon,Цезарь с лососем,32,FALSE,FALSE,FALSE,,,,"A maritime twist on the classic Caesar. Grilled salmon fillet adds a rich, buttery texture to the crisp lettuce and tangy dressing, offering a dose of healthy Omega-3s.",კლასიკური ცეზარის ზღვის ვერსია. გრილზე შემწვარი ორაგული სალათს განსაკუთრებულ სინაზესა და სასარგებლო თვისებებს მატებს.
dish_0028,70,cat_0002,ცეზარი კრევეტებით,Caesar with shrimps,Цезарь с креветками,30,FALSE,FALSE,FALSE,,,,"For seafood lovers. Juicy shrimps replace the chicken, making the salad lighter and giving it a sweet, oceanic flavor profile that pairs beautifully with the creamy dressing.","ზღვის პროდუქტების მოყვარულთათვის. წვნიანი კრევეტები იდეალურად ერწყმის ცეზარის სოუსს და ქმნის მსუბუქ, დახვეწილ კერძს."
dish_0029,80,cat_0002,ბერძნული სალათი,Greek salad,Греческий салат,34,FALSE,FALSE,FALSE,"პომიდორი, კიტრი, წითელი ხახვი, ყველი ფეტა, კალამატას ზეთისხილი, ზეითუნის ზეთი, ორეგანო","Tomatoes, cucumbers, red onions, feta cheese, Kalamata olives, olive oil, oregano",,"A Mediterranean staple known as 'Horiatiki'. Feta cheese, olives, and fresh veggies seasoned with oregano. It’s a simple, rustic salad that celebrates the quality of its ingredients.","ხმელთაშუა ზღვის კლასიკა. ფეტა, ზეთისხილი და ორეგანო - მარტივი, მაგრამ გენიალური კომბინაცია, რომელიც ხაზს უსვამს ბოსტნეულის სიჯანსაღეს."
dish_0030,90,cat_0002,ბოსტნეულის სალათი,Vegetable salad,Овощной салат,18,FALSE,FALSE,FALSE,,,,"A celebration of garden freshness. A mix of seasonal vegetables dressed lightly to let the natural flavors shine. Perfect for those seeking a light, vitamin-rich accompaniment.","ბაღის საჩუქარი. სეზონური ბოსტნეულის ნაზავი, შეზავებული მსუბუქად, რათა შენარჩუნდეს ვიტამინები და ბუნებრივი გემო."
dish_0031,100,cat_0002,სალათი დოლჩე-ვიტა,Dolce Vita salad,Салат «Дольче Вита»,27,FALSE,FALSE,FALSE,"საქონლის ენა, ყველი, ბულგარული წიწაკა, მაიონეზი","Beef tongue, cheese, bell pepper, mayonnaise","Говяжий язык, сыр, болгарский перец, майонез","A salad that lives up to the 'Sweet Life' name. Likely a house special combining sweet and savory elements—perhaps fruit, nuts, and cheese—to create a harmonious and indulgent flavor profile.","ტკბილი ცხოვრების გემო. ჩვენი შეფის ექსპერიმენტი, რომელიც აერთიანებს მარილიან და ტკბილ ნოტებს - შესაძლოა ხილის, ყველისა და თხილეულის კომბინაციით."
dish_0032,110,cat_0002,"სალათი ""ჩერო""",Cherro salad,Салат «Черро»,35,FALSE,FALSE,FALSE,"რუკოლა, არტიშოკი, ჩერი, მწყერის კვერცხი, ბადრიჯანი, ბალზამირებული სოუსი)","Arugula, artichoke, cherry tomatoes, quail eggs, eggplant, balsamic sauce","Руккола, артишок, помидоры черри, перепелиные яйца, баклажан, бальзамический соус",Our signature salad! Created by our chef to highlight the best ingredients of the season. Expect a unique combination of textures and flavors that you won't find anywhere else.,"საფირმო სალათი, შექმნილი სპეციალურად ჩვენი სტუმრებისთვის. ინგრედიენტების უნიკალური ბალანსი, რომელსაც სხვაგან ვერ ნახავთ."
dish_0033,120,cat_0002,ცხელი სალათი,Hot salad,Горячий салат,28,FALSE,FALSE,FALSE,"ქათმის ფილე, ბულგარული წიწაკა, სოკო, სოიოს სოუსი","Chicken fillet, bell pepper, mushrooms, soy sauce","Куриное филе, болгарский перец, грибы, соевый соус","Who says salads must be cold? Warm grilled vegetables or sautéed meats are tossed with fresh greens. The heat wilts the leaves slightly, releasing more flavor and creating a comforting dish.","ვინ თქვა, რომ სალათი ცივი უნდა იყოს? შემწვარი ბოსტნეული ან ხორცი ცოცხალ მწვანილთან ერთად - კომფორტული და გემრიელი არჩევანი."
dish_0034,130,cat_0002,რუკოლას სალათი საქონლის ენით,Arugula salad with beef tongue,Салат из рукколы с говяжьим языком,27,FALSE,FALSE,FALSE,,,,A sophisticated pairing. The peppery bite of arugula cuts through the richness of the tender beef tongue. A balsamic or vinaigrette dressing ties these bold flavors together.,დახვეწილი დუეტი. რუკოლას პიკანტური გემო იდეალურად აბალანსებს მოხარშული ენის ცხიმიანობას. გურმანების საყვარელი სალათი.
dish_0035,140,cat_0002,რუკოლას სალათი კრევეტებით,Arugula salad with shrimps,Салат из рукколы с креветками,32,FALSE,FALSE,FALSE,"რუკოლა, ჩერი, კრევეტები, პარმეზანი","Arugula, cherry, shrimp, parmesan","Руккола, черри, креветки, пармезан","Light and zesty. The spicy notes of fresh arugula are the perfect backdrop for sweet, succulent shrimps. A modern dish that feels like a summer breeze on a plate.","მსუბუქი და არომატული. რუკოლას სიმკვეთრე და კრევეტების სიტკბო - თანამედროვე კერძი, რომელიც ზაფხულის განწყობას შეგიქმნით."
dish_0036,150,cat_0002,"სალათი ""ბორა-ბორა""",Bora Bora salad,Салат «Бора-Бора»,28,FALSE,FALSE,FALSE,"კიტრი, ავოკადო, კრევეტები","Cucumber, avocado, shrimp","Огурец, авокадо, креветки","An exotic mix bringing tropical vibes to the table. Expect a fusion of sweet and savory, possibly featuring fruits like pineapple or mango alongside savory proteins for a refreshing twist.","ეგზოტიკური მოგზაურობა თეფშზე. ტროპიკული ხილისა და ხორცეულის თამამი შეხამება, რომელიც ტრადიციული გემოებისგან განსხვავებულ გამოცდილებას გთავაზობთ."
dish_0037,10,cat_0003,ქაბაბი,Kebab,Кебаб,22,FALSE,FALSE,FALSE,ნახშირზე შემწვარი საქონლისა და ღორის ფარში,minced beef and pork roasted over charcoal,"говяжий и свиной фарш, запеченный на углях","Ground meat spiced with onions and herbs, molded onto a skewer and grilled over charcoal. Known as 'Kababi' in Georgia, it's often served wrapped in thin lavash bread with onions and sumac.","წვნიანი და არომატული. ტრადიციული რეცეპტით შეკაზმული ხორცი, შემწვარი ნაკვერჩხალზე. თხელ ლავაშსა და ხახვთან ერთად - ნამდვილი სიამოვნება."
dish_0038,20,cat_0003,ქაბაბი სულგუნით,Kebab with Sulguni,Кебаб с сулгуни,24,FALSE,FALSE,FALSE,ნახშირზე შემწვარი საქონლისა და ღორის ფარში სულგუნით,Charcoal-grilled beef and pork with sulguni,"Говядина и свинина, приготовленные на древесных углях, с добавлением сулгуни.","A surprise inside! The traditional kebab is stuffed with a stick of Sulguni cheese. When grilled, the cheese melts, creating a gooey, savory core inside the juicy meat.",სიურპრიზი შიგთავსში! ქაბაბი სულგუნის გულით. დაჭრისას მდნარი ყველი იღვრება და ხორცს კიდევ უფრო წვნიანს და გემრიელს ხდის.
dish_0039,30,cat_0003,ბოსტნეულის მწვადი,Vegetable barbecue,Овощной шашлык,20,FALSE,FALSE,FALSE,"ბადრიჯანი, ბულგარული წიწაკა, პომიდორი, სოკო","Eggplant, bell pepper, tomato, mushroom","Баклажан, болгарский перец, помидор, гриб","Smoky and sweet. Skewered bell peppers, eggplants, and mushrooms are grilled over embers. The fire enhances their natural sugars, making this a fantastic vegetarian main or side.","ბოსტნეული მაყალზე. შებრაწული ბადრიჯანი, წიწაკა და სოკო, რომლებსაც კვამლის არომატი დაუვიწყარ გემოს სძენს. იდეალური გარნირი ან დამოუკიდებელი კერძი."
dish_0040,40,cat_0003,ბატკნის მწვადი,Lamb barbecue,Шашлык из баранины,45,FALSE,FALSE,FALSE,,,,"A classic of the Caucasus. Chunks of lamb are marinated and grilled to perfection. The fat renders over the fire, dripping onto the coals and creating that unmistakable smoky aroma.","კავკასიური კლასიკა. ნაკვერჩხალზე შემწვარი ბატკნის ნაჭრები. ხორცის ბუნებრივი არომატი, რომელსაც მხოლოდ მარილი და ცეცხლი სჭირდება."
dish_0041,50,cat_0003,ღორის მწვადი,Pork barbecue,Шашлык из свинины,23,FALSE,FALSE,FALSE,,,,"Georgia's national obsession, 'Mtsvadi'. Often made from pork neck, it’s traditionally grilled on vine branches (tsalami) for a unique flavor. No marinade is needed, just salt and fire!","ქართული მწვადი - სუფრის მშვენება. საუკეთესო ხორცის ნაჭრები, შემწვარი წალამზე ან ნაკვერჩხალზე. კერძი, რომელსაც წარდგენა არ სჭირდება."
dish_0042,60,cat_0003,კალმახი შამფურზე,Trout on a skewer,Форель на шампуре,20,FALSE,FALSE,FALSE,,,,"Whole trout, skewered and grilled. The skin becomes crispy while the flesh remains tender and flaky. It’s a simple preparation that honors the clean taste of the mountain river fish.",მთის მდინარის გემო. შამფურზე შემწვარი მთლიანი კალმახი. ხრაშუნა კანი და ნაზი ხორცი - მარტივი და გენიალური.
dish_0043,70,cat_0003,ქაბაბი ქათმის ხორცით,Chicken kebab,Куриный кебаб,20,FALSE,FALSE,FALSE,,,,"A lighter alternative to beef or pork. Minced chicken is seasoned with herbs and spices, then grilled. It’s juicy, flavorful, and pairs perfectly with a squeeze of lemon.","მსუბუქი ალტერნატივა. შეკაზმული ქათმის ფარში, შემწვარი მაყალზე. წვნიანი და დიეტური, განსაკუთრებით უხდება ლიმონი."
dish_0044,80,cat_0003,მწვადის ასორტი,Assorted barbecue,Ассорти из шашлыков,150,FALSE,FALSE,FALSE,,,,"The ultimate meat feast! A platter featuring pork, chicken, and kebab skewers. Perfect for sharing, it offers a taste of everything the grill master has to offer.","ხორცის მოყვარულთა ოცნება. ღორის, ქათმისა და ქაბაბის ნაკრები ერთ ლანგარზე. იდეალურია მეგობრებთან ერთად გასაზიარებლად."
dish_0045,90,cat_0003,ქათმის მწვადი,Chicken barbecue,Шашлык из курицы,20,FALSE,FALSE,FALSE,,,,"Marinated chicken chunks grilled over charcoal. The marinade, often yogurt or vinegar-based, keeps the meat tender and juicy while the fire adds a delicious char.","ქათმის მწვადი - ნაზი და არომატული. მარინადში დავარგებული ხორცი, რომელიც ნაკვერჩხალზე შეწვისას ინარჩუნებს სირბილეს."
dish_0046,100,cat_0003,ღორის ნეკნის მწვადი,Pork rib barbecue,Шашлык из свиных ребрышек,25,FALSE,FALSE,FALSE,,,,"For those who love meat on the bone. Pork ribs are grilled until the meat pulls away from the bone. The fat renders down to create a sticky, savory crust.","მათთვის, ვისაც ხორცი ძვალზე უყვარს. შებრაწული ნეკნები, რომლებსაც ცხიმი განსაკუთრებულ გემოსა და სირბილეს მატებს."
dish_0047,110,cat_0003,ქათმის ფრთები,Chicken wings,Куриные крылышки,20,FALSE,FALSE,FALSE,,,,"Crispy, smoky, and addictive. Grilled chicken wings are a universal favorite. Perfect as a snack with beer or a meal on their own, seasoned to perfection.",ხრაშუნა და მიმზიდველი. მაყალზე შემწვარი ფრთები - საუკეთესო არჩევანი ლუდთან ან უბრალოდ წასახემსებლად.
dish_0048,120,cat_0003,კრევეტები,Shrimp,Креветки,32,FALSE,FALSE,FALSE,,,,"Grilled or fried, shrimps are a treat. In Georgia, they are often cooked simply with lemon and garlic to highlight their natural sweetness. A taste of the Black Sea coast.","შემწვარი კრევეტები - ზღვის ნიავი თქვენს თეფშზე. მომზადებული მარტივად, ლიმონითა და ნივრით, რათა არ დაიკარგოს პროდუქტის ბუნებრივი სიტკბო."
dish_0049,10,cat_0004,პური,Bread,Хлеб,3,FALSE,FALSE,FALSE,,,,"Georgian bread, 'Puri', is sacred. Traditionally baked in a clay oven called a 'Tone', it has a crispy crust and a soft, chewy interior. It’s the utensil for scooping up sauces and cheese.","ქართული პური - სუფრის გული. თონეში გამომცხვარი, ხრაშუნა ყუათა და რბილი გულით. ყველაზე გემრიელი „კოვზი“ საწებლებისთვის."
dish_0050,20,cat_0004,მჭადი კეცზე,Mchadi on a ketsi,Мчади на кеци,5,FALSE,FALSE,FALSE,"სიმინდის ფქვილი, წყალი, მარილი, ზეთი","Cornmeal, water, salt, oil",Грузинский кукурузный хлеб,"Traditional cornbead fried in a clay pan (ketsi). Crunchy on the outside and hot on the inside, it’s the best friend of cheese, specifically Imeretian or Sulguni.","კეცზე გამომცხვარი სიმინდის კვერი. გარედან ხრაშუნა, შიგნით ცხელი - ყველისა და ლობიოს განუყრელი მეგობარი."
dish_0051,30,cat_0004,ჭვიშტვარი,Chvishtvari,Чвиштвари,15,FALSE,FALSE,FALSE,"სიმინდის ფქვილი, სულგუნი, წყალი/რძე, მარილი, ზეთი","Cornmeal, Sulguni cheese, water/milk, salt, oil",Грузинский кукурузный хлеб с сыром,"Mchadi's rich cousin from Svaneti or Samegrelo. Cheese is mixed directly into the cornmeal dough before frying, creating a cheesy, stretchy, savory cornbread delight.","სვანური სტუმართმოყვარეობა. სიმინდის ცომში ჩაზელილი ყველი, რომელიც შეწვისას დნება და კერძს საოცრად გემრიელსა და ნოყიერს ხდის."
dish_0052,40,cat_0004,ხაჭაპური იმერული,Imeretian Khachapuri,Имеретинский хачапури,20,FALSE,FALSE,FALSE,"ცომი (ხორბლის ფქვილი, წყალი, საფუარი, მარილი), იმერული ყველი, კვერცხი, კარაქი","Dough (wheat flour, water, yeast, salt), Imeretian cheese, egg, butter",,"The classic cheese bread. A round dough filled with Imeretian cheese. It’s the most common type, beloved for its soft dough and uniform, savory filling.","ყველასთვის საყვარელი კლასიკა. იმერული ყველისა და რბილი ცომის იდეალური ბალანსი. ეს არის ხაჭაპური, რომელიც არასდროს გვბეზრდება."
dish_0053,50,cat_0004,ხაჭაპური მეგრული,Megrelian Khachapuri,Мегрельский хачапури,25,FALSE,FALSE,FALSE,"ცომი, იმერული ყველი, სულგუნი, კარაქი, კვერცხი","Dough, Imeretian cheese, Sulguni cheese, butter, egg",,"Double the cheese, double the joy! Similar to Imeretian, but topped with an extra layer of cheese before baking. It creates a golden, bubbly crust that cheese lovers adore.","ორმაგი ყველი, ორმაგი სიამოვნება! ზემოდან მოყრილი სულგუნი ცხვება და ქმნის ოქროსფერ, ხრაშუნა ქერქს. ყველის მოყვარულთა არჩევანი."
dish_0054,60,cat_0004,ხაჭაპური აჭარული (ცომგამოცლილი),Adjarian Khachapuri (dough-rolled),Аджарский Хачапури (раскатанный в тесте),24,FALSE,FALSE,FALSE,,,,"A variation of the famous boat shape. The dough is rolled thinner for a crispier texture, focusing more on the filling of cheese, butter, and egg.","აჭარულის თანამედროვე ვერსია. გაბრტყელებული ცომი, ნაკლები ყუა და უფრო ხრაშუნა ტექსტურა - მათთვის, ვისაც მეტი გულსართი უყვარს."
dish_0055,70,cat_0004,ხაჭაპური აჭარული,Adjarian Khachapuri,Аджарский хачапури,22,FALSE,FALSE,FALSE,"ცომი, ყველის ნაზავი (იმერული/სულგუნი), კვერცხი, კარაქი","Dough, mixed cheese (Imeretian/Sulguni), egg, butter",,The boat-shaped icon. Filled with cheese and topped with a raw egg and a stick of butter. You mix it all together before eating. It represents the sun (egg) and the sea (cheese).,"მზე და ზღვა თეფშზე. ნავის ფორმის ცომი, ყველი, კარაქი და კვერცხი. მირთმევის რიტუალი - ყველაფრის არევა - კერძს კიდევ უფრო გემრიელს ხდის."
dish_0056,80,cat_0004,ხაჭაპური შამფურზე,Khachapuri on a skewer,Хачапури на вертеле,30,FALSE,FALSE,FALSE,,,,"A feat of engineering! Cheese is threaded onto a skewer, wrapped in dough, and grilled. The result is a smoky, crispy tube of dough with a molten cheese center.",გემრიელი ინჟინერია. შამფურზე დახვეული ცომი და სულგუნი. მაყალზე მომზადებული ხაჭაპური კვამლის არომატით - დაუვიწყარი სანახაობა და გემო.
dish_0057,90,cat_0004,ხაჭაპური საფირმო,Khachapuri Sapirmo,Хачапури Сапирмо,30,FALSE,FALSE,FALSE,,,,"A special variation, often larger or with a different dough layering technique. 'Sapirmo' implies it's fit for a feast, designed to impress with its size and flavor.","სადღესასწაულო ხაჭაპური. დიდი ზომის, მდიდრული გულსართით - შექმნილია იმისთვის, რომ სუფრაზე მთავარი ადგილი დაიკავოს."
dish_0058,100,cat_0004,ლობიანი,Lobiani,Лобиани,18,FALSE,FALSE,FALSE,"ცომი, ლობიო, ხახვი, სუნელები, ზეთი/ღორის ქონი","Dough, kidney beans, onions, spices, oil/pork fat",,"A bean-filled bread from Racha. Mashed kidney beans, seasoned with ham or bacon fat, are stuffed into the dough. It’s a savory, hearty alternative to cheese bread.","რაჭული ტრადიცია. ლობიოს გულსართით და ღორის ქონით შეკაზმული ცომი. ნოყიერი და არომატული, განსაკუთრებით კარგია ზამთარში."
dish_0059,110,cat_0004,აჭარული ლობიანი,Adjarian Lobiani,Аджарский Лобиани,20,FALSE,FALSE,FALSE,,,,"Lobiani shaped like an Adjarian Khachapuri boat. Instead of cheese, the open boat is filled with spicy bean mash, sometimes topped with butter or bacon for extra richness.","ლობიანი აჭარულად. ნავის ფორმაში გამომცხვარი ლობიო, ხშირად კარაქით ან შებოლილი ხორცით. საინტერესო ვიზუალი და ნაცნობი გემო."
dish_0060,120,cat_0004,აჩმა,Achma,Ачма,10,FALSE,FALSE,FALSE,,,,"The Georgian lasagna. Layers of boiled dough and cheese are baked together to create a fluffy, buttery, cheesy casserole. It’s distinct from other Khachapuris due to its unique texture.","ქართული ლაზანია. ფენებად ჩაწყობილი მოხარშული ცომი და ყველი. ფუმფულა, კარაქიანი და ძალიან ნოყიერი - აჭარული სამზარეულოს სიამაყე."
dish_0061,130,cat_0004,ღომი,Gomi,Гоми,10,FALSE,FALSE,FALSE,"ღერღილი, სიმინდის ფქვილი, წყალი","Coarse cornmeal (gherghili), fine cornmeal, water",,"The staple of Western Georgia (Samegrelo). A hot porridge made from white cornmeal. Neutral in flavor, it is the perfect canvas for melting strips of Sulguni cheese.","სამეგრელოს სავიზიტო ბარათი. ღერღილის ფაფა, რომელშიც სულგუნის ფირფიტები დნება. ცხელი ღომი და ცივი ყველი - კონტრასტი, რომელიც ყველას უყვარს."
dish_0062,140,cat_0004,პილმენი,Dumplings,Пельмени,18,FALSE,FALSE,FALSE,,,,"Likely 'Pelmeni' or similar. Small pockets of dough filled with meat, boiled and served with butter or sour cream. A comfort food that warms the soul.","პელმენი - კომფორტული საკვები. ხორცის პატარა გუნდები ცომში, მოხარშული და მირთმეული კარაქთან ან არაჟანთან ერთად."
dish_0063,150,cat_0004,ელარჯი,Elarji,Эларджи,20,FALSE,FALSE,FALSE,"ღერღილი, სიმინდის ფქვილი, სულგუნი, წყალი","Coarse cornmeal, fine cornmeal, Sulguni cheese, water",,"A mesmerizing dish of Gomi mixed with excessive amounts of Sulguni cheese until it becomes a single, super-stretchy mass. Watching it being served is a show in itself!","სანახაობრივი კერძი! ღომისა და სულგუნის ნაზავი, რომელიც იმდენ ხანს იზილება, სანამ ერთ მთლიან, წელვად მასად არ იქცევა. მეგრული მასპინძლობის პიკი."
dish_0064,160,cat_0004,პიცა მარგარიტა,Pizza Margherita,Пицца Маргарита,26,FALSE,FALSE,FALSE,"პიცის ცომი, ტომატის სოუსი, ყველი მოცარელა, ცოცხალი ბაზილიკი, ზეითუნის ზეთი","Pizza dough, tomato sauce, mozzarella cheese, fresh basil, olive oil",,"The queen of pizzas. Named after Queen Margherita of Savoy, it features the colors of the Italian flag: red tomatoes, white mozzarella, and green basil. Simple and perfect.","იტალიური დროშის ფერები. პომიდორი, მოცარელა და ბაზილიკი. სიმარტივეშია გენიალობა - პიცა, რომელიც ყველას უყვარს."
dish_0065,170,cat_0004,პიცა პეპერონი,Pizza Pepperoni,Пицца Пепперони,28,FALSE,FALSE,FALSE,"პიცის ცომი, ტომატის სოუსი, ყველი მოცარელა, ძეხვი პეპერონი","Pizza dough, tomato sauce, mozzarella cheese, pepperoni salami",,"A favorite worldwide. Spicy salami slices atop cheese and tomato sauce. The oils from the pepperoni seep into the cheese, creating a spicy, savory kick.","პიკანტური არჩევანი. ცხარე ძეხვი, ყველი და ტომატის სოუსი. მსოფლიოში ერთ-ერთი ყველაზე პოპულარული პიცა."
dish_0066,180,cat_0004,პიცა სამარხვო,Lenten pizza,Постная пицца,22,FALSE,FALSE,FALSE,,,,"A plant-based pizza for fasting days. Loaded with vegetables, mushrooms, and olives, typically without cheese, showing that vegan food can be just as delicious.","სამარხვო, მაგრამ გემრიელი. ბოსტნეულით, სოკოთი და ზეთისხილით დახუნძლული პიცა, რომელიც ამტკიცებს, რომ უყველოდაც შეიძლება გემრიელი იყოს."
dish_0067,190,cat_0004,პიცა პროშუტო,Pizza Prosciutto,Пицца Прошутто,30,FALSE,FALSE,FALSE,,,,For the connoisseur. Topped with thin slices of cured ham (prosciutto). The salty ham contrasts beautifully with the melted cheese and tomato base.,დახვეწილი გემო. თხლად დაჭრილი პროშუტო (გამოყვანილი ლორი) პიცას განსაკუთრებულ არომატს და მარილიანობას სძენს.
dish_0068,200,cat_0004,პიცა 4 ყველით,Pizza with 4 cheeses,Пицца с 4 сырами,32,FALSE,FALSE,FALSE,,,,"Quattro Formaggi. A rich blend of four distinct cheeses—usually Mozzarella, Gorgonzola, Parmesan, and a mild melting cheese. A creamy, decadent dream.","ყველის მოყვარულთა ოცნება. ოთხი სახეობის ყველის ნაზავი - ნაღებიანი, ცხარე და არომატული გემოების სიმფონია."
dish_0069,210,cat_0004,ბლინები ხორცით,Pancakes with meat,Блинчики с мясом,17,FALSE,FALSE,FALSE,,,,"Thin crêpes rolled with a savory ground meat filling. Fried until golden, they are a popular appetizer or breakfast item, often served with sour cream.",ბლინები ხორცით. თხელი ცომი და შეკაზმული ხორცის გულსართი. შემწვარი ოქროსფრად - იდეალურია არაჟანთან.
dish_0070,220,cat_0004,კუბდარი,Kubdari,Кубдари,30,FALSE,FALSE,FALSE,"ცომი, საქონლის/ღორის ხორცი, ხახვი, სვანური მარილი, გიცრული, ნიორი","Dough, beef/pork meat, onions, Svanetian salt, gitsruli (wild caraway), garlic",,"The meat pie of Svaneti. Dough filled with chunks of meat (beef, pork, or lamb) and spiced with 'Gitsruli', a unique mountain herb. It’s spicy, hearty, and ancient.","სვანეთის სიამაყე. ხორციანი ღვეზელი, შეკაზმული უნიკალური სუნელით - გიცრულით. ცხარე, არომატული და ძალიან ვაჟკაცური კერძი."
dish_0071,10,cat_0005,ხინკალი ქალაქური,Khinkali kalakuri,Хинкали калакури,2.5,FALSE,FALSE,FALSE,"ცომი, შერეული ფარში (საქონელი/ღორი), ხახვი, ქინძი, მარილი, შავი პილპილი","Dough, mixed ground meat (beef/pork), onions, fresh cilantro, salt, black pepper",,The urban version of the famous dumpling. Filled with meat (beef/pork) and fresh herbs like cilantro. The 'Kalakuri' (city style) is the most popular variety in Tbilisi.,თბილისური კლასიკა. ხორცით და მწვანილებით (ქინძი) სავსე ხინკალი. ყველაზე პოპულარული არჩევანი ქალაქში.
dish_0072,20,cat_0005,ხინკალი მთიულური,Khinkali mtiuluri,Хинкали мтиулури,2.5,FALSE,FALSE,FALSE,"ცომი, ფარში (საქონელი/ღორი/ცხვარი), ხახვი, მარილი, შავი პილპილი, ძირა","Dough, ground meat (beef/pork/lamb), onions, salt, black pepper, cumin",,"The mountain version. Meat filling (often lamb or beef) with no herbs, just onions, salt, pepper, and sometimes cumin. It offers a purer, more rugged meat flavor.","მთის მკაცრი გემო. ხინკალი მხოლოდ ხორცით, ხახვითა და პილპილით, მწვანილის გარეშე. ხორცის სუფთა არომატი."
dish_0073,30,cat_0005,ხინკალი სოკოსი,Mushroom khinkali,Грибные хинкали,2.5,FALSE,FALSE,FALSE,"ცომი, სოკო, ხახვი, ცოცხალი მწვანილი, მარილი, პილპილი","Dough, mushrooms, onions, fresh herbs, salt, pepper",,"A vegetarian delight. Filled with finely chopped mushrooms and herbs. They are juicy and flavorful, proving that Khinkali doesn't need meat to be delicious.","ვეგეტარიანული, მაგრამ ძალიან გემრიელი. სოკოსა და მწვანილის გულსართით. იმდენად წვნიანია, რომ ხორცის მოყვარულებსაც მოსწონთ."
dish_0074,40,cat_0005,ხინკალი ყველის,Cheese khinkali,Сырные хинкали,2.5,FALSE,FALSE,FALSE,"ცომი, იმერული ყველი/სულგუნი, კარაქი","Dough, Imeretian/Sulguni cheese, butter",,"Filled with melting cheese (usually Imeretian or Sulguni mixed with butter/curd). They are rich and comforting, a favorite for those who love dairy.",ხაჭაპურისა და ხინკლის ჰიბრიდი. გამდნარი ყველის გულსართი ცომის პარკში. მდიდარი და ნოყიერი.
dish_0075,10,cat_0006,აჯიკა,Adjika,Аджика,4,FALSE,FALSE,FALSE,"წითელი წიწაკა, ნიორი, ხმელი ქინძი, უცხო სუნელი, მარილი","Red chili peppers, garlic, dry coriander, blue fenugreek, salt",,"A spicy red pepper paste from Samegrelo and Abkhazia. Made with peppers, garlic, and herbs. It’s not just a sauce; it’s a flavor bomb added to stews, meats, and marinades.","მეგრული ცხარე ლეგენდა. წიწაკის, ნივრისა და სუნელების პასტა. ეს არ არის უბრალოდ სოუსი, ეს არის გემოს გამაძლიერებელი ნებისმიერი კერძისთვის."
dish_0076,20,cat_0006,ტყემალი,Tkemali,Ткемали,4,FALSE,FALSE,FALSE,"ტყემალი, ნიორი, ომბალო, ცოცხალი ქინძი, კამა, მარილი, წითელი წიწაკა","Wild sour plums, garlic, pennyroyal (ombako), fresh coriander, dill, salt, red pepper",,The Georgian ketchup! A sour plum sauce made from wild plums. It’s rich in antioxidants and aids digestion. Essential with fried potatoes and meats.,ქართული კეტჩუპი! ველური ტყემლისგან მომზადებული მომჟავო საწებელი. შეუცვლელია შემწვარ კარტოფილთან და ხორცთან.
dish_0077,30,cat_0006,ქინძმარი,Kindzmari,Киндзмари,5,FALSE,FALSE,FALSE,,,,"A vinegar and cilantro sauce. Simple yet pungent, it is the base for 'Shkmeruli' or fish dishes, cutting through fat and adding a fresh, herbal acidic kick.","ძმრისა და ქინძის მარტივი, მაგრამ გენიალური ნაზავი. იდეალურად ანეიტრალებს თევზისა და ფრინველის ცხიმიანობას."
dish_0078,40,cat_0006,ბაჟე,Baje,Баже,20,FALSE,FALSE,FALSE,"ნიგოზი, ნიორი, წყალი/ბულიონი, ძმარი/ლიმონის წვენი, ყვითელი ყვავილი, უცხო სუნელი, ხმელი ქინძი, სუნელები","Walnuts, garlic, water/broth, vinegar/lemon juice, yellow flower (marigold), blue fenugreek, coriander, spices",,"A versatile walnut sauce. Ground walnuts, garlic, spices, and broth (or water) create a creamy sauce that pairs with everything from chicken to vegetables and fish.","ნიგვზის უნივერსალური საწებელი. უფრო თხელი ვიდრე საცივი, მაგრამ არანაკლებ გემრიელი. უხდება ყველაფერს - ქათამს, თევზს და ბოსტნეულს."
dish_0079,50,cat_0006,ტომატის საწებელი,Tomato sauce,Томатный соус,4,FALSE,FALSE,FALSE,,,,"A classic red sauce made from ripe tomatoes. Whether used for pasta or as a dip, its acidity and sweetness are the foundation of many great dishes.",კლასიკური წითელი საწებელი. პომიდვრის ბუნებრივი მჟავიანობა და სიტკბო - მრავალი კერძის საფუძველი.
dish_0080,60,cat_0006,კეტჩუპი,Ketchup,Кетчуп,4,FALSE,FALSE,FALSE,,,,"The world's most famous condiment. Sweet, tangy, and tomato-based. While not Georgian, it's a must-have for fries and casual dining.","მსოფლიო სტანდარტი. ტკბილი და არომატული პომიდვრის სოუსი, რომელიც განსაკუთრებით უყვართ ბავშვებს და ფრის მოყვარულებს."
dish_0081,70,cat_0006,მდოგვი,Mustard,Горчица,4,FALSE,FALSE,FALSE,,,,"Spicy and sharp. Used to add a kick to meats, sausages, and sandwiches. A little goes a long way in waking up the palate.",ცხარე და მძაფრი. მდოგვი ხორცის კერძებსა და სენდვიჩებს პიკანტურ ხასიათს სძენს.
dish_0082,80,cat_0006,სოიოს სოუსი,Soy sauce,Соевый соус,4,FALSE,FALSE,FALSE,,,,"A salty, umami-rich sauce of Asian origin. Fermented soybeans give it a depth of flavor that enhances marinades and stir-frys.","აზიური ნოტები. მარილიანი და უმამით სავსე სოუსი, რომელიც მარინადებსა და შემწვარ კერძებს სიღრმეს მატებს."
dish_0083,90,cat_0006,ტკბილ-ცხარე სოუსი,Sweet and spicy sauce,Сладко-острый соус,5,FALSE,FALSE,FALSE,,,,"A perfect balance of heat and sugar. Often chili-based, it adds a zesty glaze to meats and fried snacks, exciting the taste buds.","ტკბილ-ცხარე ბალანსი. იდეალურია შემწვარი ხორცისა და ფრინველისთვის, აღვიძებს გემოს რეცეპტორებს."
dish_0084,100,cat_0006,მაიონეზი,Mayonnaise,Майонез,4,FALSE,FALSE,FALSE,,,,"A creamy emulsion of oil and egg yolk. Rich and velvety, it’s a popular dressing for salads and a condiment for sandwiches and fries.","კრემოვანი და ნოყიერი. სოუსი, რომელიც სალათებს კრავს და სენდვიჩებს სირბილეს მატებს."
dish_0085,10,cat_0007,სუპ ხარჩო,Soup Kharcho,Суп Харчо,24,FALSE,FALSE,FALSE,"საქონლის ხორცი, ბრინჯი, ნიგოზი, ტყემალი/ტომატ-პასტა, ნიორი, ქინძი, ხმელი სუნელი, ცოცხალი მწვანილი","Beef, rice, walnuts, tkemali/tomato paste, garlic, coriander, khmeli suneli, fresh herbs",,"A rich, spicy beef soup with rice and pureed walnuts. Distinct from the stew 'Kharcho', this soup is sour (from Tkemali) and aromatic, a true winter warmer.","ზამთრის გამათბობელი. საქონლის ხორცის, ბრინჯისა და ტყემლის ცხარე წვნიანი. ნიგვზის არომატი მას განუმეორებელს ხდის."
dish_0086,20,cat_0007,ბორში,Borsh,Борш,22,FALSE,FALSE,FALSE,,,,"A beetroot soup of Ukrainian origin, widely loved in Georgia. Sweet and sour, packed with vegetables and often meat, served with a dollop of sour cream.","უკრაინული საჩუქარი ქართულ სუფრას. ჭარხლის წვნიანი ბოსტნეულით. მომჟავო-მოტკბო გემო, რომელსაც არაჟანი განსაკუთრებულად უხდება."
dish_0087,30,cat_0007,ქათმის სუპი,Chicken Soup,Куриный суп,20,FALSE,FALSE,FALSE,,,,"Golden broth with tender chicken pieces. Known as a restorative dish, often called 'Georgian Penicillin', it’s simple, comforting, and perfect for the soul.",ქართული პენიცილინი. ოქროსფერი ბულიონი ქათმის ხორცით - წამალი სულისა და სხეულისთვის.
dish_0088,40,cat_0007,ჩიხირთმა,Chicken Stew,Куриное рагу,22,FALSE,FALSE,FALSE,,,,Succulent chicken simmered with vegetables. A home-style dish that focuses on the natural flavors of the bird and the sweetness of stewed onions and carrots.,"ჩახოხბილის ნათესავი. ბოსტნეულთან ერთად მოთუშული ქათამი. სახლური გემო, რომელიც ბავშვობას გახსენებთ."
dish_0089,50,cat_0007,სოკოს კრემ-სუპი,Cream of Mushrooms,Грибной крем-суп,20,FALSE,FALSE,FALSE,,,,"Velvety and smooth. Pureed mushrooms and cream create a rich, earthy soup. Often served with croutons, it’s an elegant starter.",ევროპული დახვეწილობა. სოკოსა და ნაღების ხავერდოვანი წვნიანი. ელეგანტური დასაწყისი სადილისთვის.
dish_0090,60,cat_0007,ბოსტნეულის სუპი,Vegetable Soup,Овощной суп,18,FALSE,FALSE,FALSE,,,,"A light, vitamin-packed broth filled with seasonal veggies. It’s a healthy choice that offers the comfort of soup without the heaviness of cream or meat.",ვიტამინების ბუკეტი. მსუბუქი ბულიონი სეზონური ბოსტნეულით - ჯანსაღი და გემრიელი.
dish_0091,70,cat_0007,ხაშლამა,Khashlama,Хашлама,30,FALSE,FALSE,FALSE,,,,"Boiled beef brisket. A traditional feast dish from Kakheti. The meat is boiled until it falls apart, served simply with salt and parsley. Pure meat perfection.","კახური ნადიმი. დიდ ნაჭრებად მოხარშული საქონლის ხორცი. მარტივი, მაგრამ გენიალური კერძი, სადაც მთავარი ხორცის ხარისხია."
dish_0092,80,cat_0007,უხა,Ukha,Уха,25,FALSE,FALSE,FALSE,,,,"A clear Russian fish soup. Made with fresh fish, potatoes, and carrots. The broth is delicate and savory, highlighting the freshness of the catch.",მეთევზის წვნიანი. თევზის ნაჭრები გამჭვირვალე ბულიონში. მსუბუქი და სასარგებლო.
dish_0093,90,cat_0007,ხბოს ჩაქაფული,Chakapuli with Veal,Чакапули с телятиной,30,FALSE,FALSE,FALSE,"ხბოს ხორცი, ტარხუნა, მწვანე ხახვი, ქინძი, ტყემალი, თეთრი ღვინო, ნიორი","Veal, tarragon, green onions, fresh cilantro, tkemali (sour plum), white wine, garlic",,"The taste of Easter! Veal stewed with mountains of tarragon, green onions, and unripe plums (tkemali). The sour plums and herbs create a bright, distinctively spring flavor.","გაზაფხულის სიმბოლო. ხბოს ხორცი, მოთუშული ტარხუნასა და ტყემალში. მწვანე, არომატული და მომჟავო - აღდგომის გემო."
dish_0094,10,cat_0008,ხბოს ჩაშუშული,Veal stew,Тушеная телятина,28,FALSE,FALSE,FALSE,,,,"Tender veal pieces slow-cooked in a savory sauce. The collagen from the veal thickens the gravy, making it rich and sticky.","ნაზი ხბოს ხორცი სქელ საწებელში. ნელ ცეცხლზე მომზადებული, რათა ხორცი პირში დნებოდეს."
dish_0095,20,cat_0008,ოსტრი,Ostri,Остри,26,FALSE,FALSE,FALSE,"საქონლის ხორცი, პომიდორი, ხახვი, ნიორი, ქინძი, უცხო სუნელი, წიწაკა, მჟავე კიტრი","Beef, tomatoes, onions, garlic, coriander, blue fenugreek, chili pepper, pickles",,"Spicy beef stew. 'Ostri' literally means 'hot'. Chunks of beef are simmered in a thick, tomato-based sauce with pickles and spices. Bring plenty of bread for dipping!","სახელი ამბობს ყველაფერს. საქონლის ხორცი ცხარე, პომიდვრიან საწებელში. მოიმარაგეთ პური, რადგან თეფშის მოსუფთავება მოგინდებათ!"
dish_0096,30,cat_0008,მეგრული ხარჩო,Megrelian kharcho,Мегрельский харчо,28,FALSE,FALSE,FALSE,"საქონლის ხორცი, ნიგოზი, ნიორი, ტომატ-პასტა/პომიდორი, სუნელები, სიმინდის ფქვილი","Beef, walnuts, garlic, tomato paste/tomatoes, spices, cornmeal",,"The walnut stew. Unlike the soup, this is a thick curry-like dish with beef and a rich, spiced walnut sauce. It’s incredibly flavorful and usually very spicy.","ხარჩო სუპი არ გეგონოთ! ეს არის ხორცი ნიგვზის სქელ, ცხარე და არომატულ სოუსში. მეგრული სამზარეულოს შედევრი."
dish_0097,40,cat_0008,ბეფსტროგანოვი,Beef stroganoff,Бефстроганов,28,FALSE,FALSE,FALSE,,,,"A 19th-century Russian classic. Sautéed pieces of beef served in a sauce with smetana (sour cream). Named after the Stroganoff family, it’s creamy and comforting.","გრაფის კერძი. თხლად დაჭრილი საქონლის ხორცი ნაღებისა და არაჟნის სოუსში. რუსული კლასიკა, რომელიც მსოფლიომ შეიყვარა."
dish_0098,50,cat_0008,მადამ ბოვარი,Madame Bovary,Мадам Бовари,29,FALSE,FALSE,FALSE,,,,"A dish with a mysterious name, likely a baked meat and cheese delicacy. Named after Flaubert's character, suggesting something indulgent and perhaps a bit sinful.","იდუმალი და გემრიელი. სავარაუდოდ, გამომცხვარი ხორცისა და ყველის კერძი ფრანგული შარმით."
dish_0099,60,cat_0008,ტოლმა საქონლის/ცხვრის ხორცით ვაზის ფოთოლში,Tollama with beef/lamb in vine leaves,Толлама с говядиной/бараниной в виноградных листьях,23.00/25.00,FALSE,FALSE,FALSE,,,,Known as 'Dolma'. Minced meat and rice wrapped in tender grape leaves. Served with a garlic-yogurt sauce (Matsoni) to balance the savory filling.,"ტოლმა ვაზის ფოთოლში. ხორცისა და ბრინჯის შიგთავსი, გახვეული ნაზ ფოთლებში. მაწვნის სოუსი მას იდეალურად ასრულებს."
dish_0100,70,cat_0008,აჯაფსანდალი ყველით კეცზე,Ajapsandali with cheese on clay pan,Аджапсандали с сыром на глиняной сковороде,22,FALSE,FALSE,FALSE,,,,A baked twist on the classic. The vegetable stew is topped with cheese and baked in a ketsi until bubbling. The cheese adds a rich crust to the veggies.,"აჯაფსანდალი კეცზე. ბოსტნეულის რაგუ, რომელსაც ზემოდან ყველი ადნება. გამომცხვარი ყველი კერძს ახალ განზომილებას სძენს."
dish_0101,80,cat_0008,შემწვარი სულგუნი პომიდვრით კეცზე,Grilled sulguni with tomatoes on clay pan,Жареные сулгуни с помидорами на глиняной сковороде,22,FALSE,FALSE,FALSE,,,,"Simple brilliance. Slices of Sulguni and tomato are roasted together. The cheese melts and browns, while the tomatoes release their sweet juices.",სიმარტივის ზეიმი. შებრაწული სულგუნი და პომიდორი. ყველის წელვადი მასა და პომიდვრის წვენი - უგემრიელესია.
dish_0102,90,cat_0008,ოჯახური ღორის ხორცით,Odjakhuri with Pork meat,«Оджахури» со свининой,25,FALSE,FALSE,FALSE,"ღორის ხორცი, კარტოფილი, ხახვი, ნიორი, ქინძი, ზეთი, სუნელები","Pork, potatoes, onions, garlic, fresh cilantro, oil, spices",,"Ojakhuri' means 'family meal'. Fried potatoes and pork chunks tossed with onions and herbs. It’s a rustic, hearty one-pan dish meant to feed a hungry family.","ოჯახური - სახელი ყველაფერს ამბობს. შემწვარი კარტოფილი და ღორის ხორცი ხახვთან ერთად. კერძი, რომელიც ყველას აერთიანებს."
dish_0103,100,cat_0008,ოჯახური ხბოს ხორცით,Odjakhuri with Veal,«Оджахури» с телятиной,28,FALSE,FALSE,FALSE,,,,"A lighter version of the family classic. Tender veal replaces the pork, making the dish slightly less fatty but equally delicious with the crispy potatoes.","ოჯახურის მსუბუქი ვერსია. ნაზი ხბოს ხორცი და ხრაშუნა კარტოფილი. ნაკლებად ცხიმიანი, მაგრამ არანაკლებ გემრიელი."
dish_0104,110,cat_0008,ოჯახური სოკოთი,Odjakhuri with Mushrooms,«Оджахури» с грибами,22,FALSE,FALSE,FALSE,,,,"The vegetarian family meal. Meaty mushrooms replace the meat, fried with potatoes and onions. It’s so savory you won't miss the meat at all.","სამარხვო ოჯახური. სოკო წარმატებით ანაცვლებს ხორცს, კარტოფილთან და ხახვთან ერთად კი ქმნის სრულყოფილ გემოს."
dish_0105,120,cat_0008,ხბოს ნეკნი კეცზე აჯიკით,Veal ribs on ketzi with adjika,Телячьи ребрышки на кеци с аджикой,28,FALSE,FALSE,FALSE,,,,"Succulent ribs roasted in a clay pan. The adjika marinade caramelizes on the meat, providing a spicy, smoky kick that clings to the bone.","ცეცხლოვანი ნეკნები. კეცზე შემწვარი ხბოს ნეკნები აჯიკით. ცხარე, არომატული და ძალიან გემრიელი."
dish_0106,130,cat_0008,იახნი ქობულეთური,Yakhny of Kobulety,Яхны из Кобулеты,22,FALSE,FALSE,FALSE,"საქონლის მკერდი, ნიგოზი, ხახვი, ნიორი, ხმელი ქინძი, ყვითელი ყვავილი, უცხო სუნელი","Beef brisket, walnuts, onions, garlic, coriander, marigold, blue fenugreek",,"A signature dish of the Adjara region. Beef brisket stewed in a rich, buttery walnut sauce. It’s a festive dish, traditionally served at weddings in Kobuleti.","ქობულეთური ქორწილის გემო. საქონლის მკერდი ნიგვზის სქელ, ცხიმიან საწებელში. აჭარული სამზარეულოს სიამაყე."
dish_0107,140,cat_0008,სოკო ყველით კეცზე,Mushrooms with cheese on ketzi,Грибы с сыром на кеци,25,FALSE,FALSE,FALSE,,,,"Mushroom caps filled with Sulguni cheese and baked. The mushrooms release their juices, mixing with the melted cheese for a savory bite.",სოკო სულგუნით. სოკოს ქუდებში ჩამდნარი ყველი. წვნიანი და არომატული - საუკეთესო ცხელი საუზმე.
dish_0108,150,cat_0008,ჩირბული,Chirbuli,Чирбули,25,FALSE,FALSE,FALSE,"კვერცხი, ნიგოზი, პომიდორი, ხახვი, ნიორი, ცოცხალი მწვანილი, კარაქი","Eggs, walnuts, tomatoes, onions, garlic, fresh herbs, butter",,Adjarian breakfast of champions. Eggs poached in a rich walnut and tomato sauce. It’s like Shakshuka but with the distinct nutty depth of Georgian cuisine.,"აჭარული საუზმე. კვერცხი, მომზადებული ნიგვზიან და პომიდვრიან სოუსში. შაკშუკას ქართული, უფრო მდიდარი ნათესავი."
dish_0109,160,cat_0008,აპოხტი სოფლის დედლის (სეზონურად),Apokhti village dedlis (seasonal),Апохтинские деревенские дедли (сезонные),50,FALSE,FALSE,FALSE,,,,"A rare delicacy. 'Apokhti' is salted, dried meat (like jerky) from the Meskheti region. Here, it's likely used in a dish with dough or Khinkali. intense and salty.","მესხური დელიკატესი. აპოხტი - დამარილებული და გამომშრალი ხორცი, რომელსაც კერძებში განუმეორებელი, ინტენსიური გემო შეაქვს."
dish_0110,170,cat_0008,სოკო კეცზე,Mushrooms on ketzi,Грибы на кеци,20,FALSE,FALSE,FALSE,,,,Simple roasted mushrooms. Cooked in a clay pan with just a little oil or butter. The porous clay concentrates the earthy mushroom flavor.,ბუნებრივი გემო. კეცზე შემწვარი სოკო მცირეოდენი ცხიმით. სოკოს მოყვარულთა არჩევანი.
dish_0111,180,cat_0008,მეგრული კუჭმაჭი,Megrelian kuchmachi,Мегрельские кучмачи,25,FALSE,FALSE,FALSE,"ღორის/საქონლის გულ-ღვიძლი, ნიგოზი, ნიორი, ძმარი, ბროწეული, სუნელები","Pork/beef offal (heart, liver, lungs), walnuts, garlic, vinegar, pomegranate, spices",,"A spicy dish of organ meats (hearts, livers, gizzards). In Samegrelo, it is prepared with a fragrant walnut paste and pomegranate seeds. A texture lover's dream.","გურმანებისთვის. გულ-ღვიძლი შეკაზმული ნიგვზით, სუნელებითა და ბროწეულით. განსაკუთრებული ტექსტურა და გემო."
dish_0112,190,cat_0008,მეგრული კუპატი,Megrelian kupati,Мегрельские купати,30,FALSE,FALSE,FALSE,,,,"Spicy sausages from Samegrelo. Made from pork and offal, heavily seasoned with garlic and barberry. They are rich, fatty, and burst with flavor when cut.","მეგრული ძეხვი. ღორის ხორცი და შიგნეულობა, უხვად შეკაზმული სუნელებითა და კოწახურით. ცხიმიანი, ცხარე და ძალიან გემრიელი."
dish_0113,200,cat_0008,ხბოს მწვადი კეცზე,Veal barbecue on ketzi,Телячье барбекю на кеци,30,FALSE,FALSE,FALSE,,,,Veal skewers cooked or served in a clay pan. The ketsi keeps the meat sizzling hot and allows the juices to pool for dipping.,ხბოს მწვადი კეცზე. თიხის ჭურჭელი ინარჩუნებს ხორცის სითბოს და წვენს. რბილი და არომატული.
dish_0114,210,cat_0008,ხბოს მწვადი სულგუნით კეცზე,Veal barbecue with sulguni on ketzi,Телячье барбекю с сулгуни на кеци,32,FALSE,FALSE,FALSE,,,,"Grilled veal topped with melting Sulguni. The contrast between the charred meat and the creamy, salty cheese is pure indulgence.",მდიდრული ვერსია. ხბოს მწვადს ზემოდან ადნება სულგუნი. ხორცისა და ყველის კომბინაცია - ორმაგი სიამოვნება.
dish_0115,220,cat_0008,ჩანახი ქოთანში,Chanakhi in a pot,Чанакхи в горшочке,25,FALSE,FALSE,FALSE,"ბატკნის ხორცი, ბადრიჯანი, კარტოფილი, პომიდორი, ბულგარული წიწაკა, ნიორი, ცოცხალი მწვანილი","Lamb, eggplant, potatoes, tomatoes, bell peppers, garlic, fresh herbs",,"A stew cooked and served in individual clay pots. Layers of lamb, eggplant, potatoes, and tomatoes simmer together, exchanging flavors in the sealed vessel.","ქოთნის კერძი. ფენებად ჩაწყობილი ბატკანი და ბოსტნეული, რომელიც საკუთარ წვენში ითუშება. არომატების ზეიმი."
dish_0116,230,cat_0008,წიწილა ტაბაკა (სოფლის),Chicken tabaka (village),Курица табака (деревенская),45,FALSE,FALSE,FALSE,,,,Pan-fried flattened chicken. Cooked under a heavy weight ('tapaka') to ensure crispy skin and even cooking. Garlic sauce is usually brushed on top.,წიწილა ტაბაკა. შეპიწკინებული კანი და ნაზი ხორცი. ნივრიანი წვენი მას განსაკუთრებულ პიკანტურობას მატებს.
dish_0117,240,cat_0008,წიწილა შქმერულად),Chicken shkmere),Курица шкмере),50,FALSE,FALSE,FALSE,"ქათამი, რძე/ნაღები, ნიორი, კარაქი","Chicken, milk/cream, garlic, butter",,"Likely 'Shkmeruli'. Fried chicken simmered in a garlic and milk/cream sauce. Originating from the village of Shkmeri, it is a garlic lover's paradise.",შქმერული - რაჭული შედევრი. შემწვარი ქათამი ნივრიან რძის/ნაღების სოუსში. მოემზადეთ ნივრის ინტენსიური არომატისთვის!
dish_0118,250,cat_0008,კატლეტი ჩერო,Cheroe cutlet,Чероэ Котлета,28,FALSE,FALSE,FALSE,,,,"A house specialty cutlet. Expect a juicy, seasoned meat patty, breaded and fried to golden perfection, likely served with a signature sauce.","ჩვენი შეფის რეცეპტით. წვნიანი კატლეტი, მომზადებული საუკეთესო ხორცისგან. კლასიკური კერძის საავტორო ვერსია."
dish_0119,260,cat_0008,კატლეტი ოჯახურად (პიურე გარნირი),Family cutlet (puree garnish),Семейная котлета (с гарниром из пюре),22,FALSE,FALSE,FALSE,,,,"Comfort food. A large, home-style meat cutlet served with creamy mashed potatoes. Reminiscent of grandmother's cooking.","ბებიას რეცეპტი. დიდი, ფუმფულა კატლეტი ნაზ პიურესთან ერთად. ბავშვობის საყვარელი გემო."
dish_0120,270,cat_0008,ქათმის კატლეტი,Chicken cutlet,Куриная котлета,20,FALSE,FALSE,FALSE,,,,"Light and juicy. Minced chicken formed into a patty and fried. A milder alternative to beef or pork cutlets, loved by kids and adults alike.","დიეტური და გემრიელი. ქათმის ფილესგან მომზადებული კატლეტი - მსუბუქი სადილი, რომელიც ბავშვებსაც ძალიან უყვართ."
dish_0121,280,cat_0008,კიევური კატლეტი გარნირით,Kiev Cutlet with garnish,Киевская котлета с гарниром,25,FALSE,FALSE,FALSE,,,,"Chicken Kiev. A rolled chicken breast stuffed with cold butter and herbs. When you cut it, the butter spills out. A classic of Soviet-era fine dining.","კატლეტი კიევურად. ქათმის ფილეში ჩამალული კარაქი, რომელიც გაჭრისას თეფშზე იღვრება. საბჭოთა კულინარიის ლეგენდა."
dish_0122,290,cat_0008,ლობიო ქოთანში,Beans in a pot,Фасоль в горшочке,15,FALSE,FALSE,FALSE,"ლობიო, ხახვი, ნიორი, ქინძი, უცხო სუნელი, ზეთი","Kidney beans, onions, garlic, fresh cilantro, coriander, blue fenugreek, oil",,Lobio. Kidney beans slow-cooked with spices in a clay pot. Mash them slightly and eat with Mchadi and pickles. It’s the definition of Georgian comfort food.,"ლობიო ქოთანში - ქართული სუფრის ქვაკუთხედი. სუნელებით შეკაზმული, მწნილთან და მჭადთან ერთად. მარტივი და გენიალური."
dish_0123,300,cat_0008,ლობიო ქოთანში (ნიგვზით),Beans in a pot (with walnuts),Фасоль в горшочке (с грецкими орехами),17,FALSE,FALSE,FALSE,,,,"Lobio elevated. Crushed walnuts are added to the bean stew, making it creamier and nuttier. A richer version of the classic clay pot beans.",ლობიოს სადღესასწაულო ვერსია. ჩანაყილი ნიგოზი კერძს მატებს სისქეს და მდიდარ არომატს.
dish_0124,310,cat_0008,მწყერი,Quail,Перепелка,30,FALSE,FALSE,FALSE,,,,A delicacy for the refined palate. These small birds are usually grilled or fried whole. The meat is tender and has a subtle gamey flavor.,"სამეფო კერძი. მწყერი გამოირჩევა ნაზი, დელიკატური ხორცით. შემწვარი მთლიანად - ნამდვილი გურმანების არჩევანი."
dish_0125,320,cat_0008,პასტა კარბონარა (ბეკონი/ორაგული),Pasta carbonara (bacon/salmon),Паста карбонара (бекон/лосось),26.00/28.00,FALSE,FALSE,FALSE,"მაკარონი, ბეკონი/ორაგული, კვერცხი, პარმეზანი, შავი პილპილი, ნაღები","Pasta, bacon/salmon, eggs, parmesan/pecorino cheese, black pepper, cream (optional in modern versions)",,"An Italian classic. While traditional Carbonara uses guanciale and egg, this version likely offers a creamy sauce option with bacon or salmon for a rich meal.","რომის გემო. ჩვენი ვერსია გთავაზობთ არჩევანს ბეკონსა (კლასიკურთან ახლოს) ან ორაგულს შორის, ნაღებიანი სოუსით."
dish_0126,330,cat_0008,ბორანო (ქობულეთური),Borano (Kobuleti),Борано (Кобулети),22,FALSE,FALSE,FALSE,"აჭარული დაწნული ყველი, დამწვარი კარაქი","Adjarian braided cheese, melted butter",,"Adjarian cheese fondue. Buttery, melted cheese poured over braided cheese or cornmeal. It’s incredibly rich and heavy, a true calorie bomb of deliciousness.","აჭარული ენერგეტიკა. კარაქში ჩამდნარი ყველი - კალორიული, ნოყიერი და ძალიან გემრიელი. ნამდვილი მთიელების საჭმელი."
dish_0127,340,cat_0008,პიურე,Purée,Пюре,10,FALSE,FALSE,FALSE,"კარტოფილი, რძე, კარაქი, მარილი","Potatoes, milk, butter, salt",,Mashed potatoes. Whipped with butter and milk until smooth. The perfect side dish for any meat or stew.,"კარტოფილის პიურე. რძითა და კარაქით შეზავებული, ჰაეროვანი და ნაზი. იდეალური გარნირი ნებისმიერი ხორცეულისთვის."
dish_0128,350,cat_0008,კარტოფილი ფრი,French fries,Картофель фри,10,FALSE,FALSE,FALSE,"კარტოფილი, ზეთი, მარილი","Potatoes, oil, salt",,"Golden, crispy potato sticks. Universally loved. In Georgia, they are often sprinkled with salt or served with Tkemali for dipping.","კარტოფილი ფრი. ოქროსფერი ჩხირები, რომელიც ყველას უყვარს. განსაკუთრებით გემრიელია ტყემალთან ერთად."
dish_0129,360,cat_0008,კარტოფილი მექსიკურად,Mexican potatoes,Мексиканская картошка,18,FALSE,FALSE,FALSE,,,,Spicy potato wedges. Fried with skins on and seasoned with paprika and chili. A spicy alternative to regular fries.,კარტოფილი მექსიკურად. ცხარე სანელებლებში შემწვარი კარტოფილის ნაჭრები. პიკანტური გარნირი.
dish_0130,370,cat_0008,კარტოფილი ოჯახურად,Family style potatoes,Картофель по-семейному,14,FALSE,FALSE,FALSE,,,,"Home-fried potatoes. Sliced rounds fried in a pan with onions until soft and golden. Simple, rustic, and filling.","ოჯახურად შემწვარი. ტაფაზე, ხახვთან ერთად შემწვარი კარტოფილი - სახლური სითბო და გემო."
dish_0131,380,cat_0008,შებოლილი ნეკნები,Smoked ribs,Копченые ребрышки,35,FALSE,FALSE,FALSE,,,,"Pork ribs smoked to impart a deep, woody flavor. The smoking process preserves the meat and adds a layer of complexity before grilling.",შებოლილი ნეკნები. კვამლის არომატი ხორცს განუმეორებელ ხასიათს სძენს. შესანიშნავია ლუდთან.
dish_0132,390,cat_0008,თევზის დაფა,Fish platter,Рыбное ассорти,350,FALSE,FALSE,FALSE,,,,"A showcase of the catch. A selection of different fish, grilled or fried, offered together. Perfect for sharing a taste of the sea or river.","ზღვისა და მდინარის ნობათი. სხვადასხვა სახის თევზის ასორტი - საშუალება, რომ ერთდროულად დააგემოვნოთ ყველაფერი."
dish_0133,400,cat_0008,ორაგულის ფილე სპარჟით,Salmon fillet with asparagus,Филе лосося со спаржей,35,FALSE,FALSE,FALSE,,,,"A healthy, elegant dish. Rich salmon fillet paired with tender asparagus spears. A classic combination that balances fat and freshness.",ჯანსაღი ვახშამი. ორაგულის ფილე და სატაცური - ომეგა-3-ითა და ვიტამინებით სავსე გემრიელი დუეტი.
dish_0134,410,cat_0008,კეფალი,Mullet,Келя,20,FALSE,FALSE,FALSE,,,,A favorite Black Sea fish. Known as 'Kefal'. It has a distinct flavor and is usually fried until the skin is crisp.,"კეფალი - შავი ზღვის გემო. თევზი დამახასიათებელი არომატით, შემწვარი ხრაშუნა კანამდე."
dish_0135,420,cat_0008,ლოქო ქინძმარში,Bloc in Kindzmary,Блок в Киндзмары,35,FALSE,FALSE,FALSE,,,,Likely 'Boc' or fish in Kindzmari. Boiled fish served cold in a vinegar-cilantro sauce. The acid breaks down the fats and makes the fish incredibly tender.,თევზი ქინძმარში. მოხარშული თევზი ძმრისა და ქინძის სოუსში. მჟავე გარემო თევზს განსაკუთრებულ სინაზეს ანიჭებს.
dish_0136,430,cat_0008,დორადო,Dorado,Дорадо,40,FALSE,FALSE,FALSE,,,,"Sea Bream. A popular Mediterranean fish with white, flaky flesh. Grilled whole, it offers a mild and clean taste.","დორადო - ოქროს თევზი. თეთრი, ნაზი ხორცი და მცირე რაოდენობით ფხა. გრილზე მომზადებისას ინარჩუნებს წვნიანობას."
dish_0137,440,cat_0008,სიბასი,Sea bass,Морской окунь,40,FALSE,FALSE,FALSE,,,,Branzino. Similar to Dorado but with a slightly sweeter flavor. Its skin crisps up beautifully on the grill.,"სიბასი - ზღვის მგელი. დელიკატური გემოს მქონე თევზი, რომელიც პირში დნება. იდეალურია მსუბუქი ვახშმისთვის."
dish_0138,450,cat_0008,ბარაბულკა,Barabulka,Барабулка,28,FALSE,FALSE,FALSE,,,,"Red Mullet. The 'Sultan' of Black Sea fish. Small, red, and incredibly tasty. Fried whole, they are eaten like popcorn by locals in Batumi.","ბარაბულკა - ზღვის სულთანი. პატარა, წითელი თევზი, რომელსაც შემწვარს, როგორც წესი, მთლიანად მიირთმევენ. ბათუმური დასვენების გემო."
dish_0139,460,cat_0008,კაიმაღი,Kaimaghi,Каймаги,25,FALSE,FALSE,FALSE,,,,"A rich dairy product similar to clotted cream. In Adjara, it's often eaten with Mchadi or Gomi. It’s pure, concentrated milk fat and very delicious.","აჭარული ნაღები. რძის ცხიმის კონცენტრაცია. მიირთმევენ მჭადთან ან ღომთან - უბრალო, მაგრამ ძალიან გემრიელი."
dish_0140,10,cat_0009,ხილის ასორტი (სეზონურად),Assorted fruit (seasonal),Ассорти из сезонных фруктов,30.00/50.00,FALSE,FALSE,FALSE,,,,"Nature's candy. A platter of the freshest local fruits—watermelon, melon, grapes, figs, or persimmons, depending on the time of year.",სეზონის სიტკბო. საქართველოს მზიანი ბაღების საჩუქარი - საუკეთესო დესერტი ბუნებისგან.
dish_0141,20,cat_0009,ბაქლავა (ქობულეთური),Baklava (Kobuleti),Бахлава (Кобулети),10,FALSE,FALSE,FALSE,,,,"The Adjarian take on the Turkish classic. Layers of phyllo dough, nuts, and honey. Kobuleti baklava is known for being particularly syrupy and rich.","ქობულეთური ბაქლავა. თაფლით გაჟღენთილი ფენოვანი ცომი და ნიგოზი. იმდენად ტკბილია, რომ ერთი ნაჭერიც კი ენერგიით აგავსებთ."
dish_0142,30,cat_0009,ნაყინი,Ice cream,Мороженое,12,FALSE,FALSE,FALSE,,,,"A frozen treat to end the meal. Creamy and cold, it’s the perfect antidote to a spicy Georgian feast.","ნაყინი - ბავშვობის გემო. გრილი და ტკბილი, საუკეთესო დასასრული ნებისმიერი სადილისთვის."
dish_0143,40,cat_0009,"""ლავა"" ნამცხვარი",Lava cake,Лава,20,FALSE,FALSE,FALSE,"შოკოლადი, კარაქი, კვერცხი, ნაყინი","Chocolate, butter, eggs, ice cream","Шоколад, масло, яйца, мороженое",Chocolate fondant. A warm chocolate cake with a molten liquid center. Cutting into it is a moment of pure chocolate joy.,"შოკოლადის ვულკანი. კექსი, რომლის გულიდანაც ცხელი შოკოლადი მოედინება. შოკოჰოლიკების ოცნება."
dish_0144,10,cat_0010,წყაროს წყალი,Spring water,Родниковая вода,4,FALSE,FALSE,FALSE,,,,"Pure water from Georgia's mountains. Filtered by nature, it is crisp, clean, and refreshing.",წყაროს წყალი. საქართველოს მთებიდან - კრისტალურად სუფთა და გამაგრილებელი.
dish_0145,20,cat_0010,ბორჯომი,Borjomi,Боржоми,4,FALSE,FALSE,FALSE,,,,"Georgia's legendary volcanic mineral water. Salty and fizzy, it’s famous for its digestive properties and is a hangover cure for many.","ლეგენდარული მინერალური წყალი. ვულკანური წარმოშობის, უნიკალური შემადგენლობით. საუკეთესო საშუალება ნაბახუსევზე და საჭმლის მოსანელებლად."
dish_0146,30,cat_0010,კოკა-კოლა,Coca-Cola,Кока-кола,4,FALSE,FALSE,FALSE,,,,The world's most popular soda. Invented in 1886 by John Pemberton. Did you know the Tbilisi Coca-Cola bottling plant is one of the best in the world?,"მსოფლიოში ყველაზე პოპულარული გაზიანი სასმელი. იცოდით, რომ თბილისის კოკა-კოლას ქარხანა ხარისხით ერთ-ერთი საუკეთესოა მსოფლიოში?"
dish_0147,40,cat_0010,ფანტა,Fanta,Фанта,4,FALSE,FALSE,FALSE,,,,Fruit-flavored soda. Originally created in Germany during WWII when Coca-Cola syrup was scarce. Now a global favorite for its orange zing.,"ნარინჯისფერი განწყობა. ხილის არომატითა და გაზით გაჯერებული სასმელი, რომელიც წყურვილს გემრიელად კლავს."
dish_0148,50,cat_0010,სპრაიტი,Sprite,Спрайт,4,FALSE,FALSE,FALSE,,,,"Lemon-lime refreshment. Crisp, clear, and caffeine-free. Introduced in 1961 to compete with 7 Up.",ლიმონისა და ლაიმის სიგრილე. გამჭვირვალე და გამაგრილებელი - არ შეიცავს კოფეინს.
dish_0149,60,cat_0010,ლიმონათი,Lemonade,Лимонад,4,FALSE,FALSE,FALSE,,,,"Georgian lemonade is a cultural icon. Brands like Lagidze have elevated soda to an art form with natural syrups like tarragon, pear, and cream.","ქართული ლიმონათი - ტრადიცია. ბავშვობის გემოები: ტარხუნა, მსხალი, ნაღები... ქართული სუფრის აუცილებელი ატრიბუტი."
dish_0150,70,cat_0010,წვენი 200მლ/ 1ლ,Juice 200ml/1l,Сок 200 мл/1 л,4.00/18.00,FALSE,FALSE,FALSE,,,,"Fresh or packaged fruit juice. A sweet sip of orchard goodness, perfect for kids or those avoiding fizz.","ხილის წვენი. ვიტამინებით სავსე სასმელი მათთვის, ვისაც გაზიანი სასმელები არ უყვარს."
dish_0151,80,cat_0010,კომპოტი ნატურალური 1ჭ/ 1ლ,Natural compote 1tbsp/1l,Натуральный компот 1 ст. л/1 л,3.00/18.00,FALSE,FALSE,FALSE,,,,"Homemade fruit drink. Fresh fruits boiled in water with sugar. Less sweet than juice, it preserves the whole fruit flavor. '1tbsp' is likely a typo for glass/serving.","ბებიას კომპოტი. ცოცხალი ხილისგან მომზადებული, ნატურალური და ზომიერად ტკბილი."
dish_0152,90,cat_0010,"ლიმონათი ""ჩერო"" 1ლ.","Lemonade ""Chero"" 1l.","Лимонад ""Черо"" 1 л.",25,FALSE,FALSE,FALSE,,,,"Our house brand lemonade? Or a specific local variety. Expect a fizzy, sweet drink bursting with fruit flavor.",ადგილობრივი წარმოების ლიმონათი. ხილის ინტენსიური არომატი და ბუშტუკები - გაგრილების საუკეთესო საშუალება.
dish_0153,10,cat_0011,ჩაი,Tea,Чай,3,FALSE,FALSE,FALSE,,,,"Georgia has a long history of tea cultivation (Guria/Adjara). Enjoy a cup of hot, aromatic tea to relax after a meal.","ჩაი - სიმყუდროვისთვის. ცხელი სასმელი, რომელიც დაგეხმარებათ მოდუნებასა და საუბრის გაგრძელებაში."
dish_0154,20,cat_0011,ნალექიანი ყავა,Turkish Coffee,Турецкий кофе,4,FALSE,FALSE,FALSE,,,,"Finely ground coffee boiled in a 'jazve'. It’s served unfiltered, allowing the grounds to settle. Strong, sweet, and meant to be sipped slowly.","თურქული ყავა. ქვიშაზე ან გაზზე მოდუღებული, სქელი ქაფითა და ნალექით. ყავა, რომელსაც ნელა უნდა მიირთვათ."
dish_0155,30,cat_0011,უნალექო ყავა,Instant Coffee,Растворимый кофе,6,FALSE,FALSE,FALSE,,,,Quick and convenient. Freeze-dried coffee granules dissolved in hot water for a fast caffeine fix.,ხსნადი ყავა. სწრაფი და მარტივი გზა კოფეინის მისაღებად.
dish_0156,40,cat_0011,რძიანი ყავა,Coffee with milk,Кофе с молоком,7,FALSE,FALSE,FALSE,,,,A milder coffee choice. Hot brewed coffee softened with a splash of milk for a creamy texture.,"ყავა რძით. უფრო რბილი და ნაკლებად მძაფრი, ვიდრე შავი ყავა."
dish_0157,50,cat_0011,ამერიკანო,Americano,Американо,7,FALSE,FALSE,FALSE,,,,Espresso diluted with hot water. Legend says it was created for American soldiers in WWII who found Italian espresso too strong.,"ამერიკანო. ესპრესო დამატებული ცხელი წყლით. დიდი ფინჯანი ყავა მათთვის, ვისაც გემოს ხანგრძლივად გაყოლა უყვარს."
dish_0158,60,cat_0011,ლატე,Latte,Латте,12,FALSE,FALSE,FALSE,,,,"Espresso with steamed milk and a thin layer of foam. Milky and smooth, it’s more about the milk than the coffee.",ლატე - რძის მოყვარულთათვის. ბევრი ცხელი რძე და ერთი პორცია ესპრესო. ნაზი და კრემოვანი.
dish_0159,70,cat_0011,კაპუჩინო,Cappuccino,Капучино,10,FALSE,FALSE,FALSE,,,,"Equal parts espresso, steamed milk, and milk foam. Named after the Capuchin friars due to the color of their robes.","კაპუჩინო - იდეალური ბალანსი. ესპრესო, რძე და რძის ქაფი თანაბარი პროპორციით."
dish_0160,80,cat_0011,ესპრესო,Espresso,Эспрессо,6,FALSE,FALSE,FALSE,,,,"The purest coffee experience. A concentrated shot of coffee brewed under high pressure. Rich, intense, and topped with 'crema'.",ესპრესო - ყავის სული. კონცენტრირებული გემო და არომატი პატარა ფინჯანში.
dish_0161,90,cat_0011,ცივი ყავა,Iced coffee,Холодный кофе,12,FALSE,FALSE,FALSE,,,,"Chilled coffee served over ice. Refreshing and energizing, perfect for hot summer days.",ცივი ყავა. ენერგია და სიგრილე ერთ ჭიქაში - ზაფხულის დღეების მაშველი.
dish_0162,100,cat_0011,ცივი ყავა ნაყინით,Iced coffee with ice cream,Холодный кофе с мороженым,14,FALSE,FALSE,FALSE,,,,Glace coffee. A scoop of vanilla ice cream floating in cold coffee. It’s a drink and a dessert in one.,გლასე - დესერტი და სასმელი ერთად. ცივი ყავა ნაყინის ბურთულასთან ერთად. ტკბილი სიამოვნება.
dish_0163,110,cat_0011,მიწისთხილი,Peanuts,Арахис,15,FALSE,FALSE,FALSE,,,,Simple roasted peanuts. A salty snack to accompany beer or drinks while you wait for your meal.,"მიწისთხილი. მარილიანი წასახემსებელი, რომელიც ლუდს და ლოდინის პროცესს უფრო სასიამოვნოს ხდის."
dish_0164,120,cat_0011,ჩაი ჩაიდნით,Brewed tea,Заваренный чай,12,FALSE,FALSE,FALSE,,,,Tea made from loose leaves in a teapot. Allows the full flavor of the tea leaves to expand and infuse the water.,"ფოთლოვანი ჩაი. ჩაიდანში დაყენებული, სადაც ფოთლები იშლება და წყალს მთელ არომატს გადასცემს."
dish_0165,10,cat_0012,შვრიის ფაფა,Oatmeal,Овсянка,10,FALSE,FALSE,FALSE,,,,"A warm, comforting porridge made from oats. High in fiber and heart-healthy, it’s a classic breakfast starter.",შვრიის ფაფა. ჯანსაღი საუზმე - ენერგიის წყარო მთელი დღისთვის.
dish_0166,20,cat_0012,მანას ფაფა (რძით),Semolina porridge (with milk),Манная каша (с молоком),10,FALSE,FALSE,FALSE,,,,Creamy 'Manna'. Smooth wheat porridge cooked in milk. A nostalgic childhood breakfast for many in the region.,"მანანის ფაფა. ბავშვობის ტკბილი მოგონება. რძეზე მომზადებული, ნაზი და მსუბუქი."
dish_0167,30,cat_0012,წიწიბურას ფაფა(რძით),Buckwheat porridge (with milk),Гречневая каша (с молоком),10,FALSE,FALSE,FALSE,,,,"Grechka. Roasted buckwheat groats cooked until fluffy. Nutty and iron-rich, often served with milk or butter.","წიწიბურა. რკინით მდიდარი და ნოყიერი. გემრიელია როგორც რძით, ისე კარაქით."
dish_0168,40,cat_0012,გლაზუნია,Fried eggs,Глазуния,10,FALSE,FALSE,FALSE,,,,"Sunny-side up or over-easy. Simple eggs fried in hot oil or butter. The yolk remains runny, perfect for dipping bread.",ერბოკვერცხი. საუზმის კლასიკა. თვალებად შემწვარი კვერცხი - მარტივი და გემრიელი.
dish_0169,50,cat_0012,ომლეტი ბოსტნეულით,Scrambled eggs with vegetables,Омлет с овощами,14,FALSE,FALSE,FALSE,,,,"Beaten eggs cooked with onions, peppers, and tomatoes. A colorful, fluffy, and savory breakfast dish.",ომლეტი ბოსტნეულით. ათქვეფილი კვერცხი პომიდვრით და წიწაკით. ფერადი და ჯანსაღი დასაწყისი.
dish_0170,60,cat_0012,მოხარშული კვერცხი,Boiled egg,Вареное яйцо,5,FALSE,FALSE,FALSE,,,,Hard or soft boiled. A high-protein snack or breakfast component. Simple and nutritious.,მოხარშული კვერცხი. ცილოვანი საუზმე ან წასახემსებელი.
dish_0171,70,cat_0012,ტკბილი ბლინი,Sweet pancake,Сладкий блинчик,15,FALSE,FALSE,FALSE,,,,"Thin crepes served with honey, jam, or sugar. A light, sweet way to start the day.",ტკბილი ბლინები. თხელი ცომი ჯემით ან თაფლით. დილის ტკბილი დასაწყისი.
dish_0172,80,cat_0012,ბლინები ხორცით (2ც),Pancakes with meat (2 pcs),Блинчики с мясом (2 шт.),10,FALSE,FALSE,FALSE,,,,Blini with meat. Savory rolled pancakes filled with spiced ground meat. Filling and delicious.,ხორციანი ბლინები. ნოყიერი საუზმე. დაბრაწული ცომი და არომატული ხორცის გულსართი.
dish_0173,90,cat_0012,სოსისი,Sausage,Сосиски,15,FALSE,FALSE,FALSE,,,,"Boiled or fried sausages (sosiski). A quick, meaty addition to a breakfast plate.",სოსისი. მოხარშული ან შემწვარი - სწრაფი და გემრიელი დამატება საუზმეზე.
dish_0174,100,cat_0012,მაკარონი ყველით,Pasta with cheese,Макароны с сыром,14,FALSE,FALSE,FALSE,,,,"Macaroni and cheese, Georgian style. Pasta tossed with butter and salty Georgian cheese. Simple comfort food.","მაკარონი ყველით. ბავშვების საყვარელი კერძი. მარტივი, მაგრამ ძალიან გემრიელი კომფორტული საკვები."
dish_0175,110,cat_0012,რძე,Milk,Молоко,6,FALSE,FALSE,FALSE,,,,Fresh cow's milk. Cool and calcium-rich. Drink it plain or add it to coffee/tea.,"რძე. ბუნებრივი კალციუმის წყარო. სასარგებლოა როგორც ცივი, ისე ცხელი."
dish_0176,120,cat_0012,კაკაო,Cocoa,Какао,8,FALSE,FALSE,FALSE,,,,Hot chocolate drink. Cocoa powder mixed with hot milk and sugar. A warm hug in a mug.,"კაკაო. შოკოლადის თბილი სასმელი, რომელიც განწყობას ამაღლებს."
dish_0177,130,cat_0012,თაფლი,Honey,Мед,10,FALSE,FALSE,FALSE,,,,Natural Georgian honey. Known for its purity and floral notes. Perfect for drizzling over pancakes or stirring into tea.,ქართული თაფლი. ნატურალური და სურნელოვანი. საუკეთესოა ჩაისთან ან ბლინებთან.
dish_0178,140,cat_0012,მურაბა,Jam,Джем,5,FALSE,FALSE,FALSE,,,,"Homemade fruit preserves. Made from berries, figs, or quince. Captures the sweetness of summer in a jar.",შინაკეთები მურაბა. ხილის ნაჭრები სიროფში - ზამთრის საღამოების სიტკბო.
dish_0179,150,cat_0012,კარაქი,Butter,Сливочное масло,6,FALSE,FALSE,FALSE,,,,"Fresh churned butter. Creamy and rich, essential for melting over hot Gomi or spreading on bread.",კარაქი. ნაღებისგან მიღებული ნატურალური პროდუქტი. აუცილებელია გემრიელი ბუტერბროდისთვის.
dish_0180,160,cat_0012,ხაჭო,Cottage cheese,Творог,8,FALSE,FALSE,FALSE,,,,"Curd cheese. Fresh, lumpy, and mild. High in protein, often eaten with sour cream or jam.",ხაჭო. ცილებით სავსე რძის პროდუქტი. მიირთვით არაჟანთან ან ჯემთან ერთად.
dish_0181,170,cat_0012,არაჟანი,Sour cream,Сметана,5,FALSE,FALSE,FALSE,,,,"Fermented cream. Thick and tangy. The perfect topping for soups, dumplings, and pancakes.","არაჟანი. სქელი და გემრიელი. უხდება წვნიანებს, ბლინებს და ხაჭოს."
dish_0182,180,cat_0012,მაწონი,Matsoni,Мацони,6,FALSE,FALSE,FALSE,,,,"Georgian yogurt. Unique lactobacillus culture makes it tart and thick. A superfood for digestion, eaten plain or in sauces.","მაწონი - კავკასიური დღეგრძელობის საიდუმლო. უნიკალური რძის პროდუქტი, რომელიც საჭმლის მონელებას ეხმარება."
dish_0183,10,cat_0014,სამეფო რეზერვი (წითელი),Royal Reserve (Red),Королевский резерв (красный),160,FALSE,FALSE,FALSE,,,,,ღვინის ქარხანა აღჭურვილია თანამედროვე ტექნოლოგიებით. იგი აშენდა 2007 წელს და პირველი მოსავალი 2007 წელს მიიღო. ვენახი ძალიან ახლოს არის ღვინის ქარხანასთან და ყურძნის მიღება შესაძლებელია კრეფიდან 15 წუთის შემდეგ. კომპანია აწარმოებს 23 სახეობას.
dish_0184,20,cat_0014,სამეფო რეზერვი (თეთრი),Royal Reserve (White),Королевский резерв (Белый),150,FALSE,FALSE,FALSE,,,,,ღვინის ქარხანა აღჭურვილია თანამედროვე ტექნოლოგიებით. იგი აშენდა 2007 წელს და პირველი მოსავალი 2007 წელს მიიღო. ვენახი ძალიან ახლოს არის ღვინის ქარხანასთან და ყურძნის მიღება შესაძლებელია კრეფიდან 15 წუთის შემდეგ. კომპანია აწარმოებს 23 სახეობას.
dish_0185,30,cat_0014,გორული მწვანე,Goruli Mtsvane,Горули Мцване,90,FALSE,FALSE,FALSE,,,,"Elegant and fresh bouquet, intense aromas of sweet exotic fruit bobuquet on buttry notes, slight muscat nut spicyness, pear, quince, white plum and white cherry aromas with white flower and herbal notes. Fine minerality. Developping in complexety with decantation.",ღვინის ქარხანა აღჭურვილია თანამედროვე ტექნოლოგიებით. იგი აშენდა 2007 წელს და პირველი მოსავალი 2007 წელს მიიღო. ვენახი ძალიან ახლოს არის ღვინის ქარხანასთან და ყურძნის მიღება შესაძლებელია კრეფიდან 15 წუთის შემდეგ. კომპანია აწარმოებს 23 სახეობას.
dish_0186,40,cat_0014,ცოლიკაური,Tsolikauri,Цоликаури,50,FALSE,FALSE,FALSE,,,,,ღვინის ქარხანა აღჭურვილია თანამედროვე ტექნოლოგიებით. იგი აშენდა 2007 წელს და პირველი მოსავალი 2007 წელს მიიღო. ვენახი ძალიან ახლოს არის ღვინის ქარხანასთან და ყურძნის მიღება შესაძლებელია კრეფიდან 15 წუთის შემდეგ. კომპანია აწარმოებს 23 სახეობას.
dish_0187,50,cat_0014,რქაწითელი,Rkatsiteli,Ркацители,50,FALSE,FALSE,FALSE,,,,,ღვინის ქარხანა აღჭურვილია თანამედროვე ტექნოლოგიებით. იგი აშენდა 2007 წელს და პირველი მოსავალი 2007 წელს მიიღო. ვენახი ძალიან ახლოს არის ღვინის ქარხანასთან და ყურძნის მიღება შესაძლებელია კრეფიდან 15 წუთის შემდეგ. კომპანია აწარმოებს 23 სახეობას.
dish_0188,60,cat_0014,შარდონე,Chardonnay,Шардоне,80,FALSE,FALSE,FALSE,,,,,ღვინის ქარხანა აღჭურვილია თანამედროვე ტექნოლოგიებით. იგი აშენდა 2007 წელს და პირველი მოსავალი 2007 წელს მიიღო. ვენახი ძალიან ახლოს არის ღვინის ქარხანასთან და ყურძნის მიღება შესაძლებელია კრეფიდან 15 წუთის შემდეგ. კომპანია აწარმოებს 23 სახეობას.
dish_0189,70,cat_0014,ტვიში,Tvishi,Твиши,60,FALSE,FALSE,FALSE,,,,,ღვინის ქარხანა აღჭურვილია თანამედროვე ტექნოლოგიებით. იგი აშენდა 2007 წელს და პირველი მოსავალი 2007 წელს მიიღო. ვენახი ძალიან ახლოს არის ღვინის ქარხანასთან და ყურძნის მიღება შესაძლებელია კრეფიდან 15 წუთის შემდეგ. კომპანია აწარმოებს 23 სახეობას.
dish_0190,80,cat_0014,საფერავი,Saperavi,Саперави,70,FALSE,FALSE,FALSE,,,,,ღვინის ქარხანა აღჭურვილია თანამედროვე ტექნოლოგიებით. იგი აშენდა 2007 წელს და პირველი მოსავალი 2007 წელს მიიღო. ვენახი ძალიან ახლოს არის ღვინის ქარხანასთან და ყურძნის მიღება შესაძლებელია კრეფიდან 15 წუთის შემდეგ. კომპანია აწარმოებს 23 სახეობას.
dish_0191,90,cat_0014,ხვანჩკარა,Khvanchkara,Хванчкара,100,FALSE,FALSE,FALSE,,,,,ღვინის ქარხანა აღჭურვილია თანამედროვე ტექნოლოგიებით. იგი აშენდა 2007 წელს და პირველი მოსავალი 2007 წელს მიიღო. ვენახი ძალიან ახლოს არის ღვინის ქარხანასთან და ყურძნის მიღება შესაძლებელია კრეფიდან 15 წუთის შემდეგ. კომპანია აწარმოებს 23 სახეობას.
dish_0192,100,cat_0014,ქინძმარაული,Kindzmarauli,Киндзмараули,80,FALSE,FALSE,FALSE,,,,,ღვინის ქარხანა აღჭურვილია თანამედროვე ტექნოლოგიებით. იგი აშენდა 2007 წელს და პირველი მოსავალი 2007 წელს მიიღო. ვენახი ძალიან ახლოს არის ღვინის ქარხანასთან და ყურძნის მიღება შესაძლებელია კრეფიდან 15 წუთის შემდეგ. კომპანია აწარმოებს 23 სახეობას.
dish_0193,110,cat_0014,ჭაჭა ბოთლის,Chacha betteled,Чача,150,FALSE,FALSE,FALSE,,,,,ღვინის ქარხანა აღჭურვილია თანამედროვე ტექნოლოგიებით. იგი აშენდა 2007 წელს და პირველი მოსავალი 2007 წელს მიიღო. ვენახი ძალიან ახლოს არის ღვინის ქარხანასთან და ყურძნის მიღება შესაძლებელია კრეფიდან 15 წუთის შემდეგ. კომპანია აწარმოებს 23 სახეობას.
dish_0194,10,cat_0018,სტალიჩნაია,Stoli.vodka,Столи.водка,7,FALSE,FALSE,FALSE,,,,,
dish_0195,20,cat_0018,ნემიროფი,Nemiroff,Немирофф,5,FALSE,FALSE,FALSE,,,,,
dish_0196,30,cat_0018,ფინლანდია,Finlandia,Финляндия,10,FALSE,FALSE,FALSE,,,,,
dish_0197,40,cat_0018,დანსკა,Danzka,Данцка,10,FALSE,FALSE,FALSE,,,,,
dish_0198,50,cat_0018,აბსოლუტური,Absolut,Абсолют,10,FALSE,FALSE,FALSE,,,,,
dish_0199,60,cat_0018,გრეიგუსი,Grey Goose,Серый гусь,20,FALSE,FALSE,FALSE,,,,,
dish_0200,70,cat_0018,ბელუგა,Beluga,Белуга,20,FALSE,FALSE,FALSE,,,,,
dish_0201,10,cat_0013,"ჩამოსასხმელი ქართული ლუდი ""ზედაზენი""","Georgian draft beer ""Zedazeni""","Грузинское разливное пиво ""Зедазени""",8,FALSE,FALSE,FALSE,,,,,
dish_0202,20,cat_0013,ჩამოსასხმელი ლუდი „ჰაინიკენი“,"Draft beer ""Heineken""","Разливное пиво ""Хейнекен""",11,FALSE,FALSE,FALSE,,,,,
dish_0203,30,cat_0013,"ჩამოსასხმელი ლუდი ""კრომბახერი""","Draft beer ""Krombacher""","Разливное пиво ""Кромбахер""",12,FALSE,FALSE,FALSE,,,,,
dish_0204,40,cat_0013,ბოთლის ლუდი „ჰაინიკენი“,"Bottled beer ""Heineken""","Пиво бутылочное ""Хейнекен""",12,FALSE,FALSE,FALSE,,,,,
dish_0205,50,cat_0013,ბოთლის ლუდი „კრომბახერი“,"Bottled beer ""Krombacher""","Пиво бутылочное ""Кромбахер""",12,FALSE,FALSE,FALSE,,,,,